Id,Symbol,Market,SecurityNameTh,SecurityName
1,2S,mai,บริษัท 2 เอส เมทัล จำกัด (มหาชน),2S METAL PUBLIC COMPANY LIMITED
2,A,SET,บริษัท อารียา พรอพเพอร์ตี้ จำกัด (มหาชน),AREEYA PROPERTY PUBLIC COMPANY LIMITED
3,AAV,SET,บริษัท เอเชีย เอวิเอชั่น จำกัด (มหาชน),ASIA AVIATION PUBLIC COMPANY LIMITED
4,ABICO,mai,บริษัท เอบิโก้ โฮลดิ้งส์ จำกัด (มหาชน),ABICO HOLDINGS PUBLIC COMPANY LIMITED
5,ABPIF,SET,กองทุนรวมโครงสร้างพื้นฐานโรงไฟฟ้า อมตะ บี.กริม เพาเวอร์,AMATA B. GRIMM POWER POWER PLANT INFRASTRUCTURE FUND
6,ACAP,mai,บริษัท เอเชีย แคปปิตอล กรุ๊ป จำกัด (มหาชน),ASIA CAPITAL GROUP PUBLIC COMPANY LIMITED
7,ACC,SET,บริษัท แอดวานซ์ คอนเนคชั่น คอร์ปอเรชั่น จำกัด (มหาชน),ADVANCED CONNECTION CORPORATION PUBLIC COMPANY LIMITED
8,ADAM,mai,บริษัท อาดามัส อินคอร์ปอเรชั่น จำกัด (มหาชน),ADAMAS INCORPORATION PUBLIC COMPANY LIMITED
9,ADB,mai,บริษัท แอ็พพลาย ดีบี จำกัด (มหาชน),APPLIED DB PUBLIC COMPANY LIMITED
10,ADVANC,SET,บริษัท แอดวานซ์ อินโฟร์ เซอร์วิส จำกัด (มหาชน),ADVANCED INFO SERVICE PUBLIC COMPANY LIMITED
11,AEC,SET,บริษัทหลักทรัพย์ เออีซี จำกัด (มหาชน),AEC SECURITIES PUBLIC COMPANY LIMITED
12,AEONTS,SET,บริษัท อิออน ธนสินทรัพย์ (ไทยแลนด์) จำกัด (มหาชน),AEON THANA SINSAP (THAILAND) PUBLIC COMPANY LIMITED
13,AF,mai,บริษัท ไอร่า แฟคตอริ่ง จำกัด (มหาชน),AIRA FACTORING PUBLIC COMPANY LIMITED
14,AFC,SET,บริษัท เอเซียไฟเบอร์ จำกัด (มหาชน),ASIA FIBER PUBLIC COMPANY LIMITED
15,AGE,mai,บริษัท เอเชีย กรีน เอนเนอจี จำกัด (มหาชน),ASIA GREEN ENERGY PUBLIC COMPANY LIMITED
16,AH,SET,บริษัท อาปิโก ไฮเทค จำกัด (มหาชน),AAPICO HITECH PUBLIC COMPANY LIMITED
17,AHC,SET,บริษัท โรงพยาบาลเอกชล จำกัด (มหาชน),AIKCHOL HOSPITAL PUBLIC COMPANY LIMITED
18,AI,SET,บริษัท เอเชียน อินซูเลเตอร์ จำกัด (มหาชน),ASIAN INSULATORS PUBLIC COMPANY LIMITED
19,AIE,mai,บริษัท เอไอ เอนเนอร์จี จำกัด (มหาชน),AI ENERGY PUBLIC COMPANY LIMITED
20,AIRA,mai,บริษัท ไอร่า แคปปิตอล จำกัด (มหาชน),AIRA CAPITAL PUBLIC COMPANY LIMITED
21,AIT,SET,บริษัท แอ็ดวานซ์ อินฟอร์เมชั่น เทคโนโลยี จำกัด (มหาชน),ADVANCED INFORMATION TECHNOLOGY PUBLIC CO.&sbquo;LTD.
22,AJ,SET,บริษัท เอ.เจ.พลาสท์ จำกัด (มหาชน),A.J. PLAST PUBLIC COMPANY LIMITED
23,AJA,SET,บริษัท เอเจ แอดวานซ์ เทคโนโลยี จำกัด (มหาชน),AJ ADVANCE TECHNOLOGY PUBLIC COMPANY LIMITED
24,AKP,mai,บริษัท อัคคีปราการ จำกัด (มหาชน),AKKHIE PRAKARN PUBLIC COMPANY LIMITED
25,AKR,SET,บริษัท เอกรัฐวิศวกรรม จำกัด (มหาชน),EKARAT ENGINEERING PUBLIC COMPANY LIMITED
26,ALLA,SET,บริษัท ออลล่า จำกัด (มหาชน),ALLA PUBLIC COMPANY LIMITED
27,ALT,SET,บริษัท เอแอลที เทเลคอม จำกัด (มหาชน),ALT TELECOM PUBLIC COMPANY LIMITED
28,ALUCON,SET,บริษัท อลูคอน จำกัด (มหาชน),ALUCON PUBLIC COMPANY LIMITED
29,AMA,mai,บริษัท อาม่า มารีน จำกัด (มหาชน),AMA MARINE PUBLIC COMPANY LIMITED
30,AMANAH,SET,บริษัท อะมานะฮ์ ลิสซิ่ง จำกัด (มหาชน),AMANAH LEASING PUBLIC COMPANY LIMITED
31,AMARIN,SET,บริษัท อมรินทร์พริ้นติ้ง แอนด์ พับลิชชิ่ง จำกัด (มหาชน),AMARIN PRINTING AND PUBLISHING PUBLIC COMPANY LIMITED
32,AMATA,SET,บริษัท อมตะ คอร์ปอเรชัน จำกัด (มหาชน),AMATA CORPORATION PUBLIC COMPANY LIMITED
33,AMATAR,SET,ทรัสต์เพื่อการลงทุนในอสังหาริมทรัพย์และสิทธิการเช่าอมตะซัมมิทโกรท,AMATA SUMMIT GROWTH FREEHOLD AND LEASEHOLD REAL ESTATE INVESTMENT TRUST
34,AMATAV,SET,บริษัท อมตะ วีเอ็น จำกัด (มหาชน),AMATA VN PUBLIC COMPANY LIMITED
35,AMC,SET,บริษัท เอเซีย เมทัล จำกัด (มหาชน),ASIA METAL PUBLIC COMPANY LIMITED
36,ANAN,SET,บริษัท อนันดา ดีเวลลอปเม้นท์ จำกัด (มหาชน),ANANDA DEVELOPMENT PUBLIC COMPANY LIMITED
37,AOT,SET,บริษัท ท่าอากาศยานไทย จำกัด (มหาชน),AIRPORTS OF THAILAND PUBLIC COMPANY LIMITED
38,AP,SET,บริษัท เอพี (ไทยแลนด์) จำกัด (มหาชน),AP (THAILAND) PUBLIC COMPANY LIMITED
39,APCO,mai,บริษัท เอเชียน ไฟย์โตซูติคอลส์ จำกัด (มหาชน),ASIAN PHYTOCEUTICALS PUBLIC COMPANY LIMITED
40,APCS,SET,บริษัท เอเซีย พรีซิชั่น จำกัด (มหาชน),ASIA PRECISION PUBLIC COMPANY LIMITED
41,APEX,SET,บริษัท เอเพ็กซ์ ดีเวลลอปเม้นท์ จำกัด (มหาชน),APEX DEVELOPMENT PUBLIC COMPANY LIMITED
42,APURE,SET,บริษัท อกริเพียว โฮลดิ้งส์ จำกัด (มหาชน),AGRIPURE HOLDINGS PUBLIC COMPANY LIMITED
43,AQ,SET,บริษัท เอคิว เอสเตท จำกัด (มหาชน),AQ ESTATE PUBLIC COMPANY LIMITED
44,AQUA,SET,บริษัท อควา คอร์เปอเรชั่น จำกัด (มหาชน),AQUA CORPORATION PUBLIC COMPANY LIMITED
45,ARIP,mai,บริษัท เออาร์ไอพี จำกัด (มหาชน),ARIP PUBLIC COMPANY LIMITED
46,ARROW,mai,บริษัท แอร์โรว์ ซินดิเคท จำกัด (มหาชน),ARROW SYNDICATE PUBLIC COMPANY LIMITED
47,AS,SET,บริษัท เอเชียซอฟท์ คอร์ปอเรชั่น จำกัด (มหาชน),ASIASOFT CORPORATION PUBLIC COMPANY LIMITED
48,ASAP,SET,บริษัท ซินเนอร์เจติค ออโต้ เพอร์ฟอร์มานซ์ จำกัด (มหาชน),SYNERGETIC AUTO PERFORMANCE PUBLIC COMPANY LIMITED
49,ASEFA,SET,บริษัท อาซีฟา จำกัด (มหาชน),ASEFA PUBLIC COMPANY LIMITED
50,ASIA,SET,บริษัท เอเชียโฮเต็ล จำกัด (มหาชน),ASIA HOTEL PUBLIC COMPANY LIMITED
51,ASIAN,SET,บริษัท ห้องเย็นเอเชี่ยน ซีฟู้ด จำกัด (มหาชน),ASIAN SEAFOODS COLDSTORAGE PUBLIC COMPANY LIMITED
52,ASIMAR,SET,บริษัท เอเชียน มารีน เซอร์วิสส์ จำกัด (มหาชน),ASIAN MARINE SERVICES PUBLIC COMPANY LIMITED
53,ASK,SET,บริษัท เอเซียเสริมกิจลีสซิ่ง จำกัด (มหาชน),ASIA SERMKIJ LEASING PUBLIC COMPANY LIMITED
54,ASN,mai,บริษัท เอเอสเอ็น โบรกเกอร์ จำกัด (มหาชน),ASN BROKER PUBLIC COMPANY LIMITED
55,ASP,SET,บริษัท เอเซีย พลัส กรุ๊ป โฮลดิ้งส์ จำกัด (มหาชน),ASIA PLUS GROUP HOLDINGS PUBLIC COMPANY LIMITED
56,ATP30,mai,บริษัท เอทีพี 30 จำกัด (มหาชน),ATP30 PUBLIC COMPANY LIMITED
57,AU,mai,บริษัท อาฟเตอร์ ยู จำกัด (มหาชน),AFTER YOU PUBLIC COMPANY LIMITED
58,AUCT,mai,บริษัท สหการประมูล จำกัด (มหาชน),UNION AUCTION PUBLIC COMPANY LIMITED
59,AYUD,SET,บริษัท ศรีอยุธยา แคปปิตอล จำกัด (มหาชน),SRI AYUDHYA CAPITAL PUBLIC COMPANY LIMITED
60,BA,SET,บริษัท การบินกรุงเทพ จำกัด (มหาชน),BANGKOK AIRWAYS PUBLIC COMPANY LIMITED
61,BAFS,SET,บริษัท บริการเชื้อเพลิงการบินกรุงเทพ จำกัด (มหาชน),BANGKOK AVIATION FUEL SERVICES PCL.
62,BANPU,SET,บริษัท บ้านปู จำกัด (มหาชน),BANPU PUBLIC COMPANY LIMITED
63,BAT-3K,SET,บริษัท ไทยสโตเรจ แบตเตอรี่ จำกัด (มหาชน),THAI STORAGE BATTERY PUBLIC COMPANY LIMITED
64,BAY,SET,ธนาคารกรุงศรีอยุธยา จำกัด (มหาชน),BANK OF AYUDHYA PUBLIC COMPANY LIMITED
65,BBL,SET,ธนาคารกรุงเทพ จำกัด (มหาชน),BANGKOK BANK PUBLIC COMPANY LIMITED
66,BCH,SET,บริษัท บางกอก เชน ฮอสปิทอล จำกัด (มหาชน),BANGKOK CHAIN HOSPITAL PUBLIC COMPANY LIMITED
67,BCP,SET,บริษัท บางจาก คอร์ปอเรชั่น จำกัด (มหาชน),BANGCHAK CORPORATION PUBLIC COMPANY LIMITED
68,BCPG,SET,บริษัท บีซีพีจี จำกัด (มหาชน),BCPG PUBLIC COMPANY LIMITED
69,BDMS,SET,บริษัท กรุงเทพดุสิตเวชการ จำกัด(มหาชน),BANGKOK DUSIT MEDICAL SERVICES PUBLIC COMPANY LIMITED
70,BEAUTY,SET,บริษัท บิวตี้ คอมมูนิตี้ จำกัด (มหาชน),BEAUTY COMMUNITY PUBLIC COMPANY LIMITED
71,BEC,SET,บริษัท บีอีซี เวิลด์ จำกัด (มหาชน),BEC WORLD PUBLIC COMPANY LIMITED
72,BEM,SET,บริษัท ทางด่วนและรถไฟฟ้ากรุงเทพ จำกัด (มหาชน),BANGKOK EXPRESSWAY AND METRO PUBLIC COMPANY LIMITED
73,BFIT,SET,บริษัทเงินทุน ศรีสวัสดิ์ จำกัด (มหาชน),SRISAWAD FINANCE PUBLIC COMPANY LIMITED
74,BGRIM,SET,บริษัท บี.กริม เพาเวอร์ จำกัด (มหาชน),B.GRIMM POWER PUBLIC COMPANY LIMITED
75,BGT,mai,บริษัท บีจีที คอร์ปอเรชั่น จำกัด (มหาชน),BGT CORPORATION PUBLIC COMPANY LIMITED
76,BH,SET,บริษัท โรงพยาบาลบำรุงราษฎร์ จำกัด (มหาชน),BUMRUNGRAD HOSPITAL PUBLIC COMPANY LIMITED
77,BIG,SET,บริษัท บิ๊ก คาเมร่า คอร์ปอเรชั่น จำกัด (มหาชน),BIG CAMERA CORPORATION PUBLIC COMPANY LIMITED
78,BIZ,mai,บริษัท บิสซิเนสอะไลเม้นท์ จำกัด (มหาชน),BUSINESS ALIGNMENT PUBLIC COMPANY LIMITED
79,BJC,SET,บริษัท เบอร์ลี่ ยุคเกอร์ จำกัด (มหาชน),BERLI JUCKER PUBLIC COMPANY LIMITED
80,BJCHI,SET,บริษัท บีเจซี เฮฟวี่ อินดัสทรี จำกัด (มหาชน),BJC HEAVY INDUSTRIES PUBLIC COMPANY LIMITED
81,BKD,mai,บริษัท บางกอก เดค-คอน จำกัด (มหาชน),BANGKOK DEC-CON PUBLIC COMPANY LIMITED
82,BKI,SET,บริษัท กรุงเทพประกันภัย จำกัด (มหาชน),BANGKOK INSURANCE PUBLIC COMPANY LIMITED
83,BKKCP,SET,กองทุนรวมอสังหาริมทรัพย์บางกอก,BANGKOK COMMERCIAL PROPERTY FUND
84,BLA,SET,บริษัท กรุงเทพประกันชีวิต จำกัด (มหาชน),BANGKOK LIFE ASSURANCE PUBLIC COMPANY LIMITED
85,BLAND,SET,บริษัท บางกอกแลนด์ จำกัด (มหาชน),BANGKOK LAND PUBLIC COMPANY LIMITED
86,BLISS,SET,บริษัท บลิส-เทล จำกัด (มหาชน),BLISS-TEL PUBLIC COMPANY LIMITED
87,BM,mai,บริษัท บางกอกชีทเม็ททัล จำกัด (มหาชน),BANGKOK SHEET METAL PUBLIC COMPANY LIMITED
88,BOL,mai,บริษัท บิซิเนส ออนไลน์ จำกัด (มหาชน),BUSINESS ONLINE PUBLIC COMPANY LIMITED
89,BPP,SET,บริษัท บ้านปู เพาเวอร์ จำกัด (มหาชน),BANPU POWER PUBLIC COMPANY LIMITED
90,BR,SET,บริษัท บางกอกแร้นช์ จำกัด (มหาชน),BANGKOK RANCH PUBLIC COMPANY LIMITED
91,BROCK,SET,บริษัท บ้านร็อคการ์เด้น จำกัด (มหาชน),BAAN ROCK GARDEN PUBLIC COMPANY LIMITED
92,BROOK,mai,บริษัท บรุ๊คเคอร์ กรุ๊ป จำกัด (มหาชน),THE BROOKER GROUP PUBLIC COMPANY LIMITED
93,BRR,SET,บริษัท น้ำตาลบุรีรัมย์ จำกัด (มหาชน),BURIRAM SUGAR PUBLIC COMPANY LIMITED
94,BRRGIF,SET,กองทุนรวมโครงสร้างพื้นฐานโรงไฟฟ้ากลุ่มน้ำตาลบุรีรัมย์,BURIRAM SUGAR GROUP POWER PLANT INFRASTRUCTURE FUND
95,BSBM,SET,บริษัท บางสะพานบาร์มิล จำกัด (มหาชน),BANGSAPHAN BARMILL PUBLIC COMPANY LIMITED
96,BSM,mai,บริษัท บิวเดอสมาร์ท จำกัด (มหาชน),BUILDERSMART PUBLIC COMPANY LIMITED
97,BTC,SET,บริษัท บางปะกง เทอร์มินอล จำกัด (มหาชน),BANGPAKONG TERMINAL PUBLIC COMPANY LIMITED
98,BTNC,SET,บริษัท บูติคนิวซิตี้ จำกัด (มหาชน),BOUTIQUE NEWCITY PUBLIC COMPANY LIMITED
99,BTS,SET,บริษัท บีทีเอส กรุ๊ป โฮลดิ้งส์ จำกัด (มหาชน),BTS GROUP HOLDINGS PUBLIC COMPANY LIMITED
100,BTSGIF,SET,กองทุนรวมโครงสร้างพื้นฐานระบบขนส่งมวลชนทางราง บีทีเอสโกรท,BTS RAIL MASS TRANSIT GROWTH INFRASTRUCTURE FUND
101,BTW,mai,บริษัท บีที เวลธ์ อินดัสตรีส์ จำกัด (มหาชน),BT WEALTH INDUSTRIES PUBLIC COMPANY LIMITED
102,BUI,SET,บริษัท บางกอกสหประกันภัย จำกัด (มหาชน),BANGKOK UNION INSURANCE PUBLIC COMPANY LIMITED
103,BWG,SET,บริษัท เบตเตอร์ เวิลด์ กรีน จำกัด (มหาชน),BETTER WORLD GREEN PUBLIC COMPANY LIMITED
104,CBG,SET,บริษัท คาราบาวกรุ๊ป จำกัด (มหาชน),CARABAO GROUP PUBLIC COMPANY LIMITED
105,CCET,SET,บริษัท แคล-คอมพ์ อีเล็คโทรนิคส์ (ประเทศไทย) จำกัด (มหาชน),CAL-COMP ELECTRONICS (THAILAND) PUBLIC CO.&sbquo; LTD.
106,CCP,SET,บริษัท ผลิตภัณฑ์คอนกรีตชลบุรี จำกัด (มหาชน),CHONBURI CONCRETE PRODUCT PUBLIC COMPANY LIMITED
107,CEN,SET,บริษัท แคปปิทอล เอ็นจิเนียริ่ง เน็ตเวิร์ค จำกัด (มหาชน),CAPITAL ENGINEERING NETWORK PUBLIC COMPANY LIMITED
108,CENTEL,SET,บริษัท โรงแรมเซ็นทรัลพลาซา จำกัด (มหาชน),CENTRAL PLAZA HOTEL PUBLIC COMPANY LIMITED
109,CFRESH,SET,บริษัท ซีเฟรชอินดัสตรี จำกัด (มหาชน),SEAFRESH INDUSTRY PUBLIC COMPANY LIMITED
110,CGD,SET,บริษัท คันทรี่ กรุ๊ป ดีเวลลอปเมนท์ จำกัด (มหาชน),COUNTRY GROUP DEVELOPMENT PUBLIC COMPANY LIMITED
111,CGH,SET,บริษัท คันทรี่ กรุ๊ป โฮลดิ้งส์ จำกัด (มหาชน),COUNTRY GROUP HOLDINGS PUBLIC COMPANY LIMITED
112,CHARAN,SET,บริษัท จรัญประกันภัย จำกัด (มหาชน),CHARAN INSURANCE PUBLIC COMPANY LIMITED
113,CHEWA,mai,บริษัท ชีวาทัย จำกัด (มหาชน),CHEWATHAI PUBLIC COMPANY LIMITED
114,CHG,SET,บริษัท โรงพยาบาลจุฬารัตน์ จำกัด (มหาชน),CHULARAT HOSPITAL PUBLIC COMPANY LIMITED
115,CHO,mai,บริษัท ช ทวี จำกัด (มหาชน),CHO THAVEE PUBLIC COMPANY LIMITED
116,CHOTI,SET,บริษัท ห้องเย็นโชติวัฒน์หาดใหญ่ จำกัด (มหาชน),KIANG HUAT SEA GULL TRADING FROZEN FOOD PUBLIC CO.&sbquo; LTD.
117,CHOW,mai,บริษัท เชาว์ สตีล อินดัสทรี้ จำกัด (มหาชน),CHOW STEEL INDUSTRIES PUBLIC COMPANY LIMITED
118,CHUO,mai,บริษัท ชูโอ เซ็นโก (ประเทศไทย) จำกัด (มหาชน),CHUO SENKO (THAILAND) PUBLIC COMPANY LIMITED
119,CI,SET,บริษัท ชาญอิสสระ ดีเวล็อปเมนท์ จำกัด (มหาชน),CHARN ISSARA DEVELOPMENT PUBLIC COMPANY LIMITED
120,CIG,mai,บริษัท ซี.ไอ.กรุ๊ป จำกัด (มหาชน),C.I.GROUP PUBLIC COMPANY LIMITED
121,CIMBT,SET,ธนาคาร ซีไอเอ็มบี ไทย จำกัด (มหาชน),CIMB THAI BANK PUBLIC COMPANY LIMITED
122,CITY,SET,บริษัท ซิตี้ สตีล จำกัด (มหาชน),CITY STEEL PUBLIC COMPANY LIMITED
123,CK,SET,บริษัท ช.การช่าง จำกัด (มหาชน),CH. KARNCHANG PUBLIC COMPANY LIMITED
124,CKP,SET,บริษัท ซีเค พาวเวอร์ จำกัด (มหาชน),CK POWER PUBLIC COMPANY LIMITED
125,CM,SET,บริษัท เชียงใหม่โฟรเซ่นฟู้ดส์ จำกัด(มหาชน),CHIANGMAI FROZEN FOODS PUBLIC COMPANY LIMITED
126,CMO,mai,บริษัท ซีเอ็มโอ จำกัด (มหาชน),CMO PUBLIC COMPANY LIMITED
127,CMR,SET,บริษัท เชียงใหม่รามธุรกิจการแพทย์ จำกัด (มหาชน),CHIANG MAI RAM MEDICAL BUSINESS PUBLIC COMPANY LIMITED
128,CNS,SET,บริษัทหลักทรัพย์ โนมูระ พัฒนสิน จำกัด (มหาชน),CAPITAL NOMURA SECURITIES PUBLIC COMPANY LIMITED
129,CNT,SET,บริษัท คริสเตียนีและนีลเส็น (ไทย) จำกัด (มหาชน),CHRISTIANI & NIELSEN (THAI) PUBLIC COMPANY LIMITED
130,COL,SET,บริษัท ซีโอแอล จำกัด (มหาชน),COL PUBLIC COMPANY LIMITED
131,COLOR,mai,บริษัท สาลี่ คัลเล่อร์ จำกัด (มหาชน),SALEE COLOUR PUBLIC COMPANY LIMITED
132,COM7,SET,บริษัท คอมเซเว่น จำกัด (มหาชน),COM7 PUBLIC COMPANY LIMITED
133,COMAN,mai,บริษัท โคแมนชี่ อินเตอร์เนชั่นแนล จำกัด (มหาชน),COMANCHE INTERNATIONAL PUBLIC COMPANY LIMITED
134,CPALL,SET,บริษัท ซีพี ออลล์ จำกัด (มหาชน),CP ALL PUBLIC COMPANY LIMITED
135,CPF,SET,บริษัท เจริญโภคภัณฑ์อาหาร จำกัด (มหาชน),CHAROEN POKPHAND FOODS PUBLIC COMPANY LIMITED
136,CPH,SET,บริษัท คาสเซ่อร์พีคโฮลดิ้งส์ จำกัด (มหาชน),CASTLE PEAK HOLDINGS PUBLIC COMPANY LIMITED
137,CPI,SET,บริษัท ชุมพรอุตสาหกรรมน้ำมันปาล์ม จำกัด (มหาชน),CHUMPORN PALM OIL INDUSTRY PUBLIC COMPANY LIMITED
138,CPL,SET,บริษัท ซีพีแอล กรุ๊ป จำกัด (มหาชน),CPL GROUP PUBLIC COMPANY LIMITED
139,CPN,SET,บริษัท เซ็นทรัลพัฒนา จำกัด (มหาชน),CENTRAL PATTANA PUBLIC COMPANY LIMITED
140,CPNCG,SET,กองทุนรวมสิทธิการเช่าอสังหาริมทรัพย์ CPN คอมเมอร์เชียล โกรท,CPN COMMERCIAL GROWTH LEASEHOLD PROPERTY FUND
141,CPNRF,SET,กองทุนรวมสิทธิการเช่าอสังหาริมทรัพย์ CPN รีเทล โกรท,CPN RETAIL GROWTH LEASEHOLD PROPERTY FUND
142,CPR,mai,บริษัท ซีพีอาร์ โกมุ อินดัสเตรียล จำกัด (มหาชน),CPR GOMU INDUSTRIAL PUBLIC COMPANY LIMITED
143,CPTGF,SET,กองทุนรวมสิทธิการเช่าอสังหาริมทรัพย์ ซี.พี.ทาวเวอร์ โกรท,C.P. TOWER GROWTH LEASEHOLD PROPERTY FUND
144,CRANE,SET,บริษัท ชูไก จำกัด (มหาชน),CHU KAI PUBLIC COMPANY LIMITED
145,CRD,mai,บริษัท เชียงใหม่ริมดอย จำกัด (มหาชน),CHIANGMAI RIMDOI PUBLIC COMPANY LIMITED
146,CRYSTAL,SET,กองทุนรวมสิทธิการเช่าอสังหาริมทรัพย์คริสตัล รีเทล โกรท,CRYSTAL RETAIL GROWTH LEASEHOLD PROPERTY FUND
147,CSC,SET,บริษัท ฝาจีบ จำกัด (มหาชน),CROWN SEAL PUBLIC COMPANY LIMITED
148,CSL,SET,บริษัท ซีเอส ล็อกซอินโฟ จำกัด (มหาชน),CS LOXINFO PUBLIC COMPANY LIMITED
149,CSP,SET,บริษัท ซีเอสพี สตีลเซ็นเตอร์ จำกัด (มหาชน),CSP STEEL CENTER PUBLIC COMPANY LIMITED
150,CSR,SET,บริษัท เทพธานีกรีฑา จำกัด (มหาชน),CITY SPORTS AND RECREATION PUBLIC COMPANY LIMITED
151,CSS,SET,บริษัท คอมมิวนิเคชั่น แอนด์ ซิสเต็มส์ โซลูชั่น จำกัด (มหาชน),COMMUNICATION AND SYSTEM SOLUTION PUBLIC COMPANY LIMITED
152,CTARAF,SET,กองทุนรวมสิทธิการเช่าอสังหาริมทรัพย์โรงแรมและรีสอร์ทในเครือฯ,CENTARA HOTELS & RESORTS LEASEHOLD PROPERTY FUND
153,CTW,SET,บริษัท จรุงไทยไวร์แอนด์เคเบิ้ล จำกัด (มหาชน),CHAROONG THAI WIRE & CABLE PUBLIC COMPANY LIMITED
154,CWT,SET,บริษัท ชัยวัฒนา แทนเนอรี่ กรุ๊ป จำกัด (มหาชน),CHAI WATANA TANNERY GROUP PUBLIC COMPANY LIMITED
155,D,mai,บริษัท เดนทัล คอร์ปอเรชั่น จำกัด (มหาชน),DENTAL CORPORATION PUBLIC COMPANY LIMITED
156,DCC,SET,บริษัท ไดนาสตี้เซรามิค จำกัด (มหาชน),DYNASTY CERAMIC PUBLIC COMPANY LIMITED
157,DCON,SET,บริษัท ดีคอนโปรดักส์ จำกัด (มหาชน),DCON PRODUCTS PUBLIC COMPANY LIMITED
158,DCORP,mai,บริษัท ดีมีเตอร์ คอร์ปอเรชั่น จำกัด (มหาชน),DEMETER CORPORATION PUBLIC COMPANY LIMITED
159,DELTA,SET,บริษัทเดลต้า อีเลคโทรนิคส์ (ประเทศไทย) จำกัด (มหาชน),DELTA ELECTRONICS (THAILAND) PUBLIC COMPANY LIMITED
160,DEMCO,SET,บริษัท เด็มโก้ จำกัด (มหาชน),DEMCO PUBLIC COMPANY LIMITED
161,DIF,SET,กองทุนรวมโครงสร้างพื้นฐานโทรคมนาคม ดิจิทัล,DIGITAL TELECOMMUNICATIONS INFRASTRUCTURE FUND
162,DIGI,SET,บริษัท ดิจิตอลเทค แพลนเน็ต จำกัด (มหาชน),DIGITAL TECH PLANET PUBLIC COMPANY LIMITED
163,DIMET,mai,บริษัท ไดเมท (สยาม) จำกัด (มหาชน),DIMET (SIAM) PUBLIC COMPANY LIMITED
164,DNA,mai,บริษัท ดีเอ็นเอ 2002 จำกัด (มหาชน),DNA 2002 PUBLIC COMPANY LIMITED
165,DRT,SET,บริษัท ผลิตภัณฑ์ตราเพชร จำกัด (มหาชน),DIAMOND BUILDING PRODUCTS PUBLIC COMPANY LIMITED
166,DTAC,SET,บริษัท โทเทิ่ล แอ็คเซ็ส คอมมูนิเคชั่น จำกัด (มหาชน),TOTAL ACCESS COMMUNICATION PUBLIC COMPANY LIMITED
167,DTC,SET,บริษัท ดุสิตธานี จำกัด (มหาชน),DUSIT THANI PUBLIC COMPANY LIMITED
168,DTCI,SET,บริษัท ดี.ที.ซี.อินดัสตรี่ส์ จำกัด (มหาชน),D.T.C. INDUSTRIES PUBLIC COMPANY LIMITED
169,DTCPF,SET,กองทุนรวมอสังหาริมทรัพย์และสิทธิการเช่าดุสิตธานี,DUSIT THANI FREEHOLD & LEASEHOLD PROPERTY FUND
170,EA,SET,บริษัท พลังงานบริสุทธิ์ จำกัด (มหาชน),ENERGY ABSOLUTE PUBLIC COMPANY LIMITED
171,EARTH,SET,บริษัท เอ็นเนอร์ยี่ เอิร์ธ จำกัด (มหาชน),ENERGY EARTH PUBLIC COMPANY LIMITED
172,EASON,SET,บริษัท อีซึ่น เพ้นท์ จำกัด (มหาชน),EASON PAINT PUBLIC COMPANY LIMITED
173,EASTW,SET,บริษัท จัดการและพัฒนาทรัพยากรน้ำภาคตะวันออก จำกัด (มหาชน),EASTERN WATER RESOURCES DEVELOPMENT AND MANAGEMENT PCL.
174,ECF,mai,บริษัท อีสต์โคสท์เฟอร์นิเทค จำกัด (มหาชน),EAST COAST FURNITECH PUBLIC COMPANY LIMITED
175,ECL,SET,บริษัท ตะวันออกพาณิชย์ลีสซิ่ง จำกัด (มหาชน),EASTERN COMMERCIAL LEASING PUBLIC COMPANY LIMITED
176,EE,SET,บริษัท อีเทอเนิล เอนเนอยี จำกัด (มหาชน),ETERNAL ENERGY PUBLIC COMPANY LIMITED
177,EFORL,mai,บริษัท อี ฟอร์ แอล เอม จำกัด (มหาชน),E FOR L AIM PUBLIC COMPANY LIMITED
178,EGATIF,SET,กองทุนรวมโครงสร้างพื้นฐาน โรงไฟฟ้าพระนครเหนือ ชุดที่ 1 การไฟฟ้าฝ่ายผลิตแห่งประเทศไทย,NORTH BANGKOK POWER PLANT BLOCK 1 INFRASTRUCTURE FUND&sbquo; ELECTRICITY GENERATING AUTHORITY OF THAILAND
179,EGCO,SET,บริษัท ผลิตไฟฟ้า จำกัด (มหาชน),ELECTRICITY GENERATING PUBLIC COMPANY LIMITED
180,EIC,SET,บริษัท อุตสาหกรรม อีเล็คโทรนิคส์ จำกัด (มหาชน),ELECTRONICS INDUSTRY PUBLIC COMPANY LIMITED
181,EKH,SET,บริษัท เอกชัยการแพทย์ จำกัด (มหาชน),EKACHAI MEDICAL CARE PUBLIC COMPANY LIMITED
182,EMC,SET,บริษัท อีเอ็มซี จำกัด (มหาชน),EMC PUBLIC COMPANY LIMITED
183,EPCO,SET,บริษัท โรงพิมพ์ตะวันออก จำกัด (มหาชน),EASTERN PRINTING PUBLIC COMPANY LIMITED
184,EPG,SET,บริษัท อีสเทิร์นโพลีเมอร์ กรุ๊ป จำกัด (มหาชน),EASTERN POLYMER GROUP PUBLIC COMPANY LIMITED
185,ERW,SET,บริษัท ดิ เอราวัณ กรุ๊ป จำกัด (มหาชน),THE ERAWAN GROUP PUBLIC COMPANY LIMITED
186,ERWPF,SET,กองทุนรวมอสังหาริมทรัพย์เอราวัณ โฮเทล โกรท,ERAWAN HOTEL GROWTH PROPERTY FUND
187,ESSO,SET,บริษัท เอสโซ่ (ประเทศไทย) จำกัด (มหาชน),ESSO (THAILAND) PUBLIC COMPANY LIMITED
188,ESTAR,SET,บริษัท อีสเทอร์น สตาร์ เรียล เอสเตท จำกัด (มหาชน),EASTERN STAR REAL ESTATE PUBLIC COMPANY LIMITED
189,ETE,mai,บริษัท บูรพา เทคนิคอล เอ็นจิเนียริ่ง จำกัด (มหาชน),EASTERN TECHNICAL ENGINEERING PUBLIC COMPANY LIMITED
190,EVER,SET,บริษัท เอเวอร์แลนด์ จำกัด (มหาชน),EVERLAND PUBLIC COMPANY LIMITED
191,F&D,SET,บริษัท ฟู้ดแอนด์ดริ๊งส์ จำกัด (มหาชน),FOOD AND DRINKS PUBLIC COMPANY LIMITED
192,FANCY,SET,บริษัท แฟนซีวู๊ด อินดัสตรีส จำกัด (มหาชน),FANCY WOOD INDUSTRIES PUBLIC COMPANY LIMITED
193,FC,mai,บริษัท ฟู้ด แคปปิตอล จำกัด (มหาชน),FOOD CAPITALS PUBLIC COMPANY LIMITED
194,FE,SET,บริษัท ฟาร์อีสท์ ดีดีบี จำกัด (มหาชน),FAR EAST DDB PUBLIC COMPANY LIMITED
195,FER,SET,บริษัท เฟอร์รั่ม จำกัด (มหาชน),FERRUM PUBLIC COMPANY LIMITED
196,FLOYD,mai,บริษัท ฟลอยด์ จำกัด (มหาชน),FLOYD PUBLIC COMPANY LIMITED
197,FMT,SET,บริษัท ฟูรูกาวา เม็ททัล (ไทยแลนด์) จำกัด (มหาชน),FURUKAWA METAL (THAILAND) PUBLIC COMPANY LIMITED
198,FN,SET,บริษัท เอฟเอ็น แฟคตอรี่ เอ๊าท์เลท จำกัด (มหาชน),FN FACTORY OUTLET PUBLIC COMPANY LIMITED
199,FNS,SET,บริษัท ฟินันซ่า จำกัด (มหาชน),FINANSA PUBLIC COMPANY LIMITED
200,FOCUS,mai,บริษัท โฟคัส ดีเวลลอปเม้นท์ แอนด์ คอนสตรัคชั่น จำกัด (มหาชน),FOCUS DEVELOPMENT AND CONSTRUCTION PUBLIC COMPANY LIMITED
201,FORTH,SET,บริษัท ฟอร์ท คอร์ปอเรชั่น จำกัด (มหาชน),FORTH CORPORATION PUBLIC COMPANY LIMITED
202,FPI,mai,บริษัท ฟอร์จูน พาร์ท อินดัสตรี้ จำกัด (มหาชน),FORTUNE PARTS INDUSTRY PUBLIC COMPANY LIMITED
203,FSMART,mai,บริษัท ฟอร์ท สมาร์ท เซอร์วิส จำกัด (มหาชน),FORTH SMART SERVICE PUBLIC COMPANY LIMITED
204,FSS,SET,บริษัทหลักทรัพย์ ฟินันเซีย ไซรัส จำกัด (มหาชน),FINANSIA SYRUS SECURITIES PUBLIC COMPANY LIMITED
205,FTE,SET,บริษัท ไฟร์เทรดเอ็นจิเนียริ่ง จำกัด (มหาชน),FIRETRADE ENGINEERING PUBLIC COMPANY LIMITED
206,FUTUREPF,SET,กองทุนรวมสิทธิการเช่าอสังหาริมทรัพย์ฟิวเจอร์พาร์ค,FUTURE PARK LEASEHOLD PROPERTY FUND
207,FVC,mai,บริษัท ฟิลเตอร์ วิชั่น จำกัด (มหาชน),FILTER VISION PUBLIC COMPANY LIMITED
208,GAHREIT,SET,ทรัสต์เพื่อการลงทุนในอสังหาริมทรัพย์ แกรนด์ โฮสพีทาลิตี้,GRANDE HOSPITALITY REAL ESTATE INVESTMENT TRUST
209,GBX,SET,บริษัท โกลเบล็ก โฮลดิ้ง แมนเนจเม้นท์ จำกัด (มหาชน),GLOBLEX HOLDING MANAGEMENT PUBLIC COMPANY LIMITED
210,GC,SET,บริษัท โกลบอล คอนเน็คชั่นส์ จำกัด (มหาชน),GLOBAL CONNECTIONS PUBLIC COMPANY LIMITED
211,GCAP,mai,บริษัท จี แคปปิตอล จำกัด (มหาชน),G CAPITAL PUBLIC COMPANY LIMITED
212,GEL,SET,บริษัท เจนเนอรัล เอนจิเนียริ่ง จำกัด (มหาชน),GENERAL ENGINEERING PUBLIC COMPANY LIMITED
213,GENCO,SET,บริษัทบริหารและพัฒนาเพื่อการอนุรักษ์สิ่งแวดล้อม จำกัด(มหาชน),GENERAL ENVIRONMENTAL CONSERVATION PUBLIC CO.&sbquo; LTD.
214,GFPT,SET,บริษัท จีเอฟพีที จำกัด (มหาชน),GFPT PUBLIC COMPANY LIMITED
215,GGC,SET,บริษัท โกลบอลกรีนเคมิคอล จำกัด (มหาชน),GLOBAL GREEN CHEMICALS PUBLIC COMPANY LIMITED
216,GIFT,SET,บริษัท แกรททิทูด อินฟินิท จำกัด (มหาชน),GRATITUDE INFINITE PUBLIC COMPANY LIMITED
217,GJS,SET,บริษัท จี เจ สตีล จำกัด (มหาชน),G J STEEL PUBLIC COMPANY LIMITED
218,GL,SET,บริษัท กรุ๊ปลีส จำกัด (มหาชน),GROUP LEASE PUBLIC COMPANY LIMITED
219,GLAND,SET,บริษัท แกรนด์ คาแนล แลนด์ จำกัด (มหาชน),GRAND CANAL LAND PUBLIC COMPANY LIMITED
220,GLANDRT,SET,ทรัสต์เพื่อการลงทุนในสิทธิการเช่าอสังหาริมทรัพย์ อาคารสำนักงาน จีแลนด์,GLAND OFFICE LEASEHOLD REAL ESTATE INVESTMENT TRUST
221,GLOBAL,SET,บริษัท สยามโกลบอลเฮ้าส์ จำกัด (มหาชน),SIAM GLOBAL HOUSE PUBLIC COMPANY LIMITED
222,GLOW,SET,บริษัท โกลว์ พลังงาน จำกัด (มหาชน),GLOW ENERGY PUBLIC COMPANY LIMITED
223,GOLD,SET,บริษัท แผ่นดินทอง พร็อพเพอร์ตี้ ดีเวลลอปเม้นท์ จำกัด (มหาชน),GOLDEN LAND PROPERTY DEVELOPMENT PUBLIC COMPANY LIMITED
224,GOLDPF,SET,กองทุนรวมสิทธิการเช่าอสังหาริมทรัพย์โกลด์,GOLD PROPERTY FUND (LEASE HOLD)
225,GPSC,SET,บริษัท โกลบอล เพาเวอร์ ซินเนอร์ยี่ จำกัด (มหาชน),GLOBAL POWER SYNERGY PUBLIC COMPANY LIMITED
226,GRAMMY,SET,บริษัท จีเอ็มเอ็ม แกรมมี่ จำกัด (มหาชน),GMM GRAMMY PUBLIC COMPANY LIMITED
227,GRAND,SET,บริษัท แกรนด์ แอสเสท โฮเทลส์ แอนด์ พรอพเพอร์ตี้ จำกัด(มหาชน),GRANDE ASSET HOTELS AND PROPERTY PUBLIC COMPANY LIMITED
228,GREEN,SET,บริษัท กรีน รีซอร์สเซส จำกัด (มหาชน),GREEN RESOURCES PUBLIC COMPANY LIMITED
229,GSTEL,SET,บริษัท จี สตีล จำกัด (มหาชน),G STEEL PUBLIC COMPANY LIMITED
230,GTB,mai,บริษัท เจตาแบค จำกัด (มหาชน),GETABEC PUBLIC COMPANY LIMITED
231,GUNKUL,SET,บริษัท กันกุลเอ็นจิเนียริ่ง จำกัด (มหาชน),GUNKUL ENGINEERING PUBLIC COMPANY LIMITED
232,GVREIT,SET,ทรัสต์เพื่อการลงทุนในสิทธิการเช่าอสังหาริมทรัพย์โกลเด้นเวนเจอร์,GOLDEN VENTURES LEASEHOLD REAL ESTATE INVESTMENT TRUST
233,GYT,SET,บริษัท กู๊ดเยียร์(ประเทศไทย) จำกัด (มหาชน),GOODYEAR (THAILAND) PUBLIC COMPANY LIMITED
234,HANA,SET,บริษัท ฮานา ไมโครอิเล็คโทรนิคส จำกัด (มหาชน),HANA MICROELECTRONICS PUBLIC COMPANY LIMITED
235,HARN,mai,บริษัท หาญ เอ็นจิเนียริ่ง โซลูชั่นส์ จำกัด (มหาชน),HARN ENGINEERING SOLUTIONS PUBLIC COMPANY LIMITED
236,HFT,SET,บริษัท ฮั้วฟง รับเบอร์ (ไทยแลนด์) จำกัด (มหาชน),HWA FONG RUBBER (THAILAND) PUBLIC COMPANY LIMITED
237,HMPRO,SET,บริษัท โฮม โปรดักส์ เซ็นเตอร์ จำกัด (มหาชน),HOME PRODUCT CENTER PUBLIC COMPANY LIMITED
238,HOTPOT,mai,บริษัท ฮอท พอท จำกัด (มหาชน),HOT POT PUBLIC COMPANY LIMITED
239,HPF,SET,กองทุนรวมอสังหาริมทรัพย์และสิทธิการเช่าเหมราชอินดัสเตรียล,HEMARAJ INDUSTRIAL PROPERTY AND LEASEHOLD FUND
240,HPT,mai,บริษัท โฮม พอตเทอรี่ จำกัด (มหาชน),HOME POTTERY PUBLIC COMPANY LIMITED
241,HREIT,SET,ทรัสต์เพื่อการลงทุนในสิทธิการเช่าอสังหาริมทรัพย์เหมราช,HEMARAJ LEASEHOLD REAL ESTATE INVESTMENT TRUST
242,HTC,SET,บริษัท หาดทิพย์ จำกัด (มหาชน),HAAD THIP PUBLIC COMPANY LIMITED
243,HTECH,SET,บริษัท แฮลเซี่ยน เทคโนโลยี่ จำกัด (มหาชน),HALCYON TECHNOLOGY PUBLIC COMPANY LIMITED
244,HYDRO,mai,บริษัท ไฮโดรเท็ค จำกัด (มหาชน),HYDROTEK PUBLIC COMPANY LIMITED
245,ICC,SET,บริษัท ไอ.ซี.ซี. อินเตอร์เนชั่นแนล จำกัด (มหาชน),I.C.C. INTERNATIONAL PUBLIC COMPANY LIMITED
246,ICHI,SET,บริษัท อิชิตัน กรุ๊ป จำกัด (มหาชน),ICHITAN GROUP PUBLIC COMPANY LIMITED
247,ICN,mai,บริษัท อินฟอร์เมชั่น แอนด์ คอมมิวนิเคชั่น เน็ทเวิร์คส จำกัด (มหาชน),INFORMATION AND COMMUNICATION NETWORKS PUBLIC COMPANY LIMITED
248,IEC,SET,บริษัท อินเตอร์แนชั่นเนิลเอนจีเนียริง จำกัด (มหาชน),THE INTERNATIONAL ENGINEERING PUBLIC COMPANY LIMITED
249,IFEC,SET,บริษัท อินเตอร์ ฟาร์อีสท์ เอ็นเนอร์ยี่ คอร์ปอเรชั่น จำกัด (มหาชน),INTER FAR EAST ENERGY CORPORATION PUBLIC COMPANY LIMITED
250,IFS,SET,บริษัท ไอเอฟเอส แคปปิตอล (ประเทศไทย) จำกัด (มหาชน),IFS CAPITAL (THAILAND) PUBLIC COMPANY LIMITED
251,IHL,SET,บริษัท อินเตอร์ไฮด์ จำกัด (มหาชน),INTERHIDES PUBLIC COMPANY LIMITED
252,III,SET,บริษัท ทริพเพิล ไอ โลจิสติกส์ จำกัด (มหาชน),TRIPLE I LOGISTICS PUBLIC COMPANY LIMITED
253,ILINK,SET,บริษัท อินเตอร์ลิ้งค์ คอมมิวนิเคชั่น จำกัด (มหาชน),INTERLINK COMMUNICATION PUBLIC COMPANY LIMITED
254,IMPACT,SET,ทรัสต์เพื่อการลงทุนในอสังหาริมทรัพย์อิมแพ็คโกรท,IMPACT GROWTH REAL ESTATE INVESTMENT TRUST
255,INET,SET,บริษัท อินเทอร์เน็ตประเทศไทย จำกัด (มหาชน),INTERNET THAILAND PUBLIC COMPANY LIMITED
256,INGRS,SET,บริษัท อิงเกรส อินดัสเตรียล (ไทยแลนด์) จำกัด (มหาชน),INGRESS INDUSTRIAL (THAILAND) PUBLIC COMPANY LIMITED
257,INOX,SET,บริษัท โพสโค-ไทยน๊อคซ์ จำกัด (มหาชน),POSCO-THAINOX PUBLIC COMPANY LIMITED
258,INSURE,SET,บริษัท อินทรประกันภัย จำกัด (มหาชน),INDARA INSURANCE PUBLIC COMPANY LIMITED
259,INTUCH,SET,บริษัท อินทัช โฮลดิ้งส์ จำกัด (มหาชน),INTOUCH HOLDINGS PUBLIC COMPANY LIMITED
260,IRC,SET,บริษัท อีโนเว รับเบอร์ (ประเทศไทย) จำกัด (มหาชน),INOUE RUBBER (THAILAND) PUBLIC COMPANY LIMITED
261,IRCP,mai,บริษัท อินเตอร์เนชั่นแนล รีเสริช คอร์ปอเรชั่น จำกัด (มหาชน),INTERNATIONAL RESEARCH CORPORATION PUBLIC CO.&sbquo; LTD.
262,IRPC,SET,บริษัท ไออาร์พีซี จำกัด (มหาชน),IRPC PUBLIC COMPANY LIMITED
263,IT,SET,บริษัท ไอที ซิตี้ จำกัด (มหาชน),IT CITY PUBLIC COMPANY LIMITED
264,ITD,SET,บริษัท อิตาเลียนไทย ดีเวล๊อปเมนต์ จำกัด (มหาชน),ITALIAN-THAI DEVELOPMENT PUBLIC COMPANY LIMITED
265,ITEL,mai,บริษัท อินเตอร์ลิ้งค์ เทเลคอม จำกัด (มหาชน),INTERLINK TELECOM PUBLIC COMPANY LIMITED
266,IVL,SET,บริษัท อินโดรามา เวนเจอร์ส จำกัด (มหาชน),INDORAMA VENTURES PUBLIC COMPANY LIMITED
267,J,SET,บริษัท เจเอเอส แอสเซ็ท จำกัด (มหาชน),JAS ASSET PUBLIC COMPANY LIMITED
268,JAS,SET,บริษัทจัสมิน อินเตอร์เนชั่นแนล จำกัด (มหาชน),JASMINE INTERNATIONAL PUBLIC COMPANY LIMITED
269,JASIF,SET,กองทุนรวมโครงสร้างพื้นฐานบรอดแบนด์อินเทอร์เน็ต จัสมิน,JASMINE BROADBAND INTERNET INFRASTRUCTURE FUND
270,JCP,SET,กองทุนรวมสิทธิการเช่าอสังหาริมทรัพย์ เจซี,JC LEASEHOLD PROPERTY FUND
271,JCT,SET,บริษัท แจ๊กเจียอุตสาหกรรม (ไทย) จำกัด (มหาชน),JACK CHIA INDUSTRIES (THAILAND) PUBLIC COMPANY LIMITED
272,JMART,SET,บริษัท เจ มาร์ท จำกัด (มหาชน),JAY MART PUBLIC COMPANY LIMITED
273,JMT,SET,บริษัท เจ เอ็ม ที เน็ทเวอร์ค เซอร์วิสเซ็ส จำกัด (มหาชน),JMT NETWORK SERVICES PUBLIC COMPANY LIMITED
274,JSP,mai,บริษัท เจ. เอส. พี. พร็อพเพอร์ตี้ จำกัด (มหาชน),J.S.P. PROPERTY PUBLIC COMPANY LIMITED
275,JTS,SET,บริษัท จัสมิน เทเลคอม ซิสเต็มส์ จำกัด (มหาชน),JASMINE TELECOM SYSTEMS PUBLIC COMPANY LIMITED
276,JUBILE,mai,บริษัท ยูบิลลี่ เอ็นเตอร์ไพรส์ จำกัด (มหาชน),JUBILEE ENTERPRISE PUBLIC COMPANY LIMITED
277,JUTHA,SET,บริษัท จุฑานาวี จำกัด (มหาชน),JUTHA MARITIME PUBLIC COMPANY LIMITED
278,JWD,SET,บริษัท เจดับเบิ้ลยูดี อินโฟโลจิสติกส์ จำกัด (มหาชน),JWD INFOLOGISTICS PUBLIC COMPANY LIMITED
279,K,mai,บริษัท คิงส์เมน ซี.เอ็ม.ที.ไอ. จำกัด (มหาชน),KINGSMEN C.M.T.I. PUBLIC COMPANY LIMITED
280,KAMART,SET,บริษัท คาร์มาร์ท จำกัด (มหาชน),KARMARTS PUBLIC COMPANY LIMITED
281,KASET,mai,บริษัท ไทยฮา จำกัด (มหาชน),THAI HA PUBLIC COMPANY LIMITED
282,KBANK,SET,ธนาคารกสิกรไทย จำกัด (มหาชน),KASIKORNBANK PUBLIC COMPANY LIMITED
283,KBS,SET,บริษัท น้ำตาลครบุรี จำกัด (มหาชน),KHONBURI SUGAR PUBLIC COMPANY LIMITED
284,KC,SET,บริษัท เค.ซี. พร็อพเพอร์ตี้ จำกัด (มหาชน),K.C. PROPERTY PUBLIC COMPANY LIMITED
285,KCAR,SET,บริษัท กรุงไทยคาร์เร้นท์ แอนด์ ลีส จำกัด (มหาชน),KRUNGTHAI CAR RENT AND LEASE PUBLIC COMPANY LIMITED
286,KCE,SET,บริษัท เคซีอี อีเลคโทรนิคส์ จำกัด (มหาชน),KCE ELECTRONICS PUBLIC COMPANY LIMITED
287,KCM,mai,บริษัท เค.ซี.เมททอลชีท จำกัด (มหาชน),K.C. METALSHEET PUBLIC COMPANY LIMITED
288,KDH,SET,บริษัท ธนบุรี เมดิเคิล เซ็นเตอร์ จำกัด (มหาชน),THONBURI MEDICAL CENTRE PUBLIC COMPANY LIMITED
289,KGI,SET,บริษัทหลักทรัพย์ เคจีไอ (ประเทศไทย) จำกัด (มหาชน),KGI SECURITIES (THAILAND) PUBLIC COMPANY LIMITED
290,KIAT,mai,บริษัท เกียรติธนา ขนส่ง จำกัด (มหาชน),KIATTANA TRANSPORT PUBLIC COMPANY LIMITED
291,KKC,SET,บริษัท กุลธรเคอร์บี้ จำกัด (มหาชน),KULTHORN KIRBY PUBLIC COMPANY LIMITED
292,KKP,SET,ธนาคารเกียรตินาคิน จำกัด (มหาชน),KIATNAKIN BANK PUBLIC COMPANY LIMITED
293,KOOL,mai,บริษัท มาสเตอร์คูล อินเตอร์เนชั่นแนล จำกัด (มหาชน),MASTERKOOL INTERNATIONAL PUBLIC COMPANY LIMITED
294,KPNPF,SET,กองทุนรวมอสังหาริมทรัพย์เคพีเอ็น,KPN PROPERTY FUND
295,KSL,SET,บริษัท น้ำตาลขอนแก่น จำกัด (มหาชน),KHON KAEN SUGAR INDUSTRY PUBLIC COMPANY LIMITED
296,KTB,SET,ธนาคารกรุงไทย จำกัด (มหาชน),KRUNG THAI BANK PUBLIC COMPANY LIMITED
297,KTC,SET,บริษัท บัตรกรุงไทย จำกัด (มหาชน),KRUNGTHAI CARD PUBLIC COMPANY LIMITED
298,KTECH,SET,บริษัท เคเทค คอนสตรัคชั่น จำกัด (มหาชน),KTECH CONSTRUCTION PUBLIC COMPANY LIMITED
299,KTIS,SET,บริษัท เกษตรไทย อินเตอร์เนชั่นแนล ชูการ์ คอร์ปอเรชั่น จำกัด (มหาชน),KASET THAI INTERNATIONAL SUGAR CORPORATION PUBLIC COMPANY LIMITED
300,KWC,SET,บริษัท กรุงเทพโสภณ จำกัด (มหาชน),KRUNGDHEP SOPHON PUBLIC COMPANY LIMITED
301,KWG,SET,บริษัท คิง ไว กรุ๊ป (ประเทศไทย) จำกัด (มหาชน),KING WAI GROUP (THAILAND) PUBLIC COMPANY LIMITED
302,KYE,SET,บริษัท กันยงอีเลคทริก จำกัด (มหาชน),KANG YONG ELECTRIC PUBLIC COMPANY LIMITED
303,L&E,SET,บริษัท ไลท์ติ้ง แอนด์ อีควิปเมนท์ จำกัด (มหาชน),LIGHTING & EQUIPMENT PUBLIC COMPANY LIMITED
304,LALIN,SET,บริษัท ลลิล พร็อพเพอร์ตี้ จำกัด (มหาชน),LALIN PROPERTY PUBLIC COMPANY LIMITED
305,LANNA,SET,บริษัท ลานนารีซอร์สเซส จำกัด (มหาชน),THE LANNA RESOURCES PUBLIC COMPANY LIMITED
306,LDC,mai,บริษัท แอลดีซี เด็นทัล จำกัด (มหาชน),LDC DENTAL PUBLIC COMPANY LIMITED
307,LEE,SET,บริษัท ลีพัฒนาผลิตภัณฑ์ จำกัด (มหาชน),LEE FEED MILL PUBLIC COMPANY LIMITED
308,LH,SET,บริษัทแลนด์แอนด์เฮ้าส์ จำกัด (มหาชน),LAND AND HOUSES PUBLIC COMPANY LIMITED
309,LHBANK,SET,บริษัท แอล เอช ไฟแนนซ์เชียล กรุ๊ป จำกัด (มหาชน),LH FINANCIAL GROUP PUBLIC COMPANY LIMITED
310,LHHOTEL,SET,ทรัสต์เพื่อการลงทุนในสิทธิการเช่าอสังหาริมทรัพย์ แอล เอช โฮเทล,LH HOTEL LEASEHOLD REAL ESTATE INVESTMENT TRUST
311,LHK,SET,บริษัท โลหะกิจ เม็ททอล จำกัด (มหาชน),LOHAKIT METAL PUBLIC COMPANY LIMITED
312,LHPF,SET,กองทุนรวมอสังหาริมทรัพย์และสิทธิการเช่า แลนด์ แอนด์ เฮ้าส์,LAND AND HOUSES FREEHOLD AND LEASEHOLD PROPERTY FUND
313,LHSC,SET,ทรัสต์เพื่อการลงทุนในสิทธิการเช่าอสังหาริมทรัพย์ แอล เอช ช้อปปิ้ง เซ็นเตอร์,LH SHOPPING CENTERS LEASEHOLD REAL ESTATE INVESTMENT TRUST
314,LIT,mai,บริษัท ลีซ อิท จำกัด (มหาชน),LEASE IT PUBLIC COMPANY LIMITED
315,LOXLEY,SET,บริษัท ล็อกซเล่ย์ จำกัด (มหาชน),LOXLEY PUBLIC COMPANY LIMITED
316,LPH,SET,บริษัท โรงพยาบาล ลาดพร้าว จำกัด (มหาชน),LADPRAO GENERAL HOSPITAL PUBLIC COMPANY LIMITED
317,LPN,SET,บริษัท แอล.พี.เอ็น.ดีเวลลอปเมนท์ จำกัด (มหาชน),L.P.N. DEVELOPMENT PUBLIC COMPANY LIMITED
318,LRH,SET,บริษัท ลากูน่า รีสอร์ท แอนด์ โฮเท็ล จำกัด (มหาชน),LAGUNA RESORTS & HOTELS PUBLIC COMPANY LIMITED
319,LST,SET,บริษัท ล่ำสูง (ประเทศไทย) จำกัด (มหาชน),LAM SOON (THAILAND) PUBLIC COMPANY LIMITED
320,LTX,SET,บริษัท ลัคกี้เท็คซ์ (ไทย) จำกัด (มหาชน),LUCKYTEX (THAILAND) PUBLIC COMPANY LIMITED
321,LUXF,SET,กองทุนรวมอสังหาริมทรัพย์ลักซ์ชัวรี่,LUXURY REAL ESTATE INVESTMENT FUND
322,LVT,mai,บริษัท แอล.วี.เทคโนโลยี จำกัด (มหาชน),L.V. TECHNOLOGY PUBLIC COMPANY LIMITED
323,M,SET,บริษัท เอ็มเค เรสโตรองต์ กรุ๊ป จำกัด (มหาชน),MK RESTAURANT GROUP PUBLIC COMPANY LIMITED
324,M-CHAI,SET,บริษัท โรงพยาบาลมหาชัย จำกัด (มหาชน),MAHACHAI HOSPITAL PUBLIC COMPANY LIMITED
325,M-II,SET,กองทุนรวมอสังหาริมทรัพย์ และสิทธิการเช่า เอ็มเอฟซี อินดัสเตรียล อินเวสเมนท์,MFC INDUSTRIAL INVESTMENT PROPERTY AND LEASEHOLD FUND
326,M-PAT,SET,กองทุนรวมอสังหาริมทรัพย์เอ็มเอฟซี ป่าตอง เฮอริเทจ,MFC PATONG HERITAGE PROPERTY FUND
327,M-STOR,SET,กองทุนรวมอสังหาริมทรัพย์เอ็มเอฟซี-สแตรทิจิกสโตเรจฟันด์,MFC-STRATEGIC STORAGE FUND
328,MACO,SET,บริษัท มาสเตอร์ แอด จำกัด (มหาชน),MASTER AD PUBLIC COMPANY LIMITED
329,MAJOR,SET,บริษัท เมเจอร์ ซีนีเพล็กซ์ กรุ้ป จำกัด (มหาชน),MAJOR CINEPLEX GROUP PUBLIC COMPANY LIMITED
330,MAKRO,SET,บริษัท สยามแม็คโคร จำกัด (มหาชน),SIAM MAKRO PUBLIC COMPANY LIMITED
331,MALEE,SET,บริษัท มาลีกรุ๊ป จำกัด (มหาชน),MALEE GROUP PUBLIC COMPANY LIMITED
332,MANRIN,SET,บริษัท แมนดารินโฮเต็ล จำกัด (มหาชน),THE MANDARIN HOTEL PUBLIC COMPANY LIMITED
333,MATCH,SET,บริษัท แม็ทชิ่ง แม็กซิไมซ์ โซลูชั่น จำกัด (มหาชน),MATCHING MAXIMIZE SOLUTION PUBLIC COMPANY LIMITED
334,MATI,SET,บริษัท มติชน จำกัด (มหาชน),MATICHON PUBLIC COMPANY LIMITED
335,MAX,SET,บริษัท แมกซ์ เมทัล คอร์ปอเรชั่น จำกัด (มหาชน),MAX METAL CORPORATION PUBLIC COMPANY LIMITED
336,MBAX,mai,บริษัท มัลติแบกซ์ จำกัด (มหาชน),MULTIBAX PUBLIC COMPANY LIMITED
337,MBK,SET,บริษัท เอ็ม บี เค จำกัด (มหาชน),MBK PUBLIC COMPANY LIMITED
338,MBKET,SET,บริษัทหลักทรัพย์ เมย์แบงก์ กิมเอ็ง (ประเทศไทย) จำกัด (มหาชน),MAYBANK KIM ENG SECURITIES (THAILAND) PUBLIC COMPANY LIMITED
339,MC,SET,บริษัท แม็คกรุ๊ป จำกัด (มหาชน),MC GROUP PUBLIC COMPANY LIMITED
340,MCOT,SET,บริษัท อสมท จำกัด (มหาชน),MCOT PUBLIC COMPANY LIMITED
341,MCS,SET,บริษัท เอ็ม.ซี.เอส.สตีล จำกัด (มหาชน),M.C.S.STEEL PUBLIC COMPANY LIMITED
342,MDX,SET,บริษัท เอ็ม ดี เอ็กซ์ จำกัด (มหาชน),M.D.X. PUBLIC COMPANY LIMITED
343,MEGA,SET,บริษัท เมก้า ไลฟ์ไซแอ็นซ์ จำกัด (มหาชน),MEGA LIFESCIENCES PUBLIC COMPANY LIMITED
344,METCO,SET,บริษัทมูราโมโต้ อีเล็คตรอน (ประเทศไทย) จำกัด (มหาชน),MURAMOTO ELECTRON (THAILAND) PUBLIC COMPANY LIMITED
345,MFC,SET,บริษัทหลักทรัพย์จัดการกองทุน เอ็มเอฟซี จำกัด(มหาชน),MFC ASSET MANAGEMENT PUBLIC COMPANY LIMITED
346,MFEC,SET,บริษัท เอ็ม เอฟ อี ซี จำกัด (มหาชน),MFEC PUBLIC COMPANY LIMITED
347,MGT,mai,บริษัท เมกาเคม (ประเทศไทย) จำกัด (มหาชน),MEGACHEM (THAILAND) PUBLIC COMPANY LIMITED
348,MIDA,SET,บริษัท ไมด้า แอสเซ็ท จำกัด (มหาชน),MIDA ASSETS PUBLIC COMPANY LIMITED
349,MILL,SET,บริษัท มิลล์คอน สตีล จำกัด (มหาชน),MILLCON STEEL PUBLIC COMPANY LIMITED
350,MINT,SET,บริษัท ไมเนอร์ อินเตอร์เนชั่นแนล จำกัด (มหาชน),MINOR INTERNATIONAL PUBLIC COMPANY LIMITED
351,MIPF,SET,กองทุนรวมอสังหาริมทรัพย์มิลเลียนแนร์,MILLIONAIRE PROPERTY FUND
352,MIT,SET,ทรัสต์เพื่อการลงทุนในอสังหาริมทรัพย์เอ็มเอฟซีอินดัสเตรียล,MFC INDUSTRIAL REAL ESTATE INVESTMENT TRUST
353,MJD,SET,บริษัท เมเจอร์ ดีเวลลอปเม้นท์ จำกัด (มหาชน),MAJOR DEVELOPMENT PUBLIC COMPANY LIMITED
354,MJLF,SET,กองทุนรวมสิทธิการเช่าอสังหาฯ เมเจอร์ ซีนีเพล็กซ์ ไลฟ์สไตส์,MAJOR CINEPLEX LIFESTYLE LEASEHOLD PROPERTY FUND
355,MK,SET,บริษัท มั่นคงเคหะการ จำกัด (มหาชน),M.K. REAL ESTATE DEVELOPMENT PUBLIC COMPANY LIMITED
356,ML,SET,บริษัท ไมด้า ลิสซิ่ง จำกัด (มหาชน),MIDA LEASING PUBLIC CO.&sbquo; LTD.
357,MM,mai,บริษัท มัดแมน จำกัด (มหาชน),MUDMAN PUBLIC COMPANY LIMITED
358,MNIT,SET,กองทุนรวมอสังหาริมทรัพย์เอ็มเอฟซี-นิชดาธานี,MFC-NICHADA THANI PROPERTY FUND
359,MNIT2,SET,กองทุนรวมอสังหาริมทรัพย์นิชดาธานี 2,NICHADA THANI PROPERTY FUND 2
360,MNRF,SET,กองทุนรวมอสังหาริมทรัพย์มัลติเนชั่นแนลเรสซิเดนซ์ฟันด์,MULTI-NATIONAL RESIDENCE FUND
361,MODERN,SET,บริษัท โมเดอร์นฟอร์มกรุ๊ป จำกัด (มหาชน),MODERNFORM GROUP PUBLIC COMPANY LIMITED
362,MONO,SET,บริษัท โมโน เทคโนโลยี จำกัด (มหาชน),MONO TECHNOLOGY PUBLIC COMPANY LIMITED
363,MONTRI,SET,กองทุนรวมอสังหาริมทรัพย์แบบมีกรรมสิทธิ์ 101 มนตรี สโตร์เรจ,101 MONTRI STORAGE PROPERTY FUND
364,MOONG,mai,บริษัท มุ่งพัฒนา อินเตอร์แนชชั่นแนล จำกัด (มหาชน),MOONG PATTANA INTERNATIONAL PUBLIC COMPANY LIMITED
365,MPG,mai,บริษัท เอ็มพีจี คอร์ปอเรชั่น จำกัด (มหาชน),MPG CORPORATION PUBLIC COMPANY LIMITED
366,MPIC,SET,บริษัท เอ็ม พิคเจอร์ส เอ็นเตอร์เทนเม้นท์ จำกัด (มหาชน),M PICTURES ENTERTAINMENT PUBLIC COMPANY LIMITED
367,MSC,SET,บริษัท เมโทรซิสเต็มส์คอร์ปอเรชั่น จำกัด (มหาชน),METRO SYSTEMS CORPORATION PUBLIC COMPANY LIMITED
368,MTI,SET,บริษัท เมืองไทยประกันภัย จำกัด (มหาชน),MUANG THAI INSURANCE PUBLIC COMPANY LIMITED
369,MTLS,SET,บริษัท เมืองไทย ลิสซิ่ง จำกัด (มหาชน),MUANGTHAI LEASING PUBLIC COMPANY LIMITED
370,NBC,mai,บริษัท เนชั่น บรอดแคสติ้ง คอร์ปอเรชั่น จำกัด (มหาชน),NATION BROADCASTING CORPORATION PUBLIC COMPANY LIMITED
371,NC,SET,บริษัท นิวซิตี้ (กรุงเทพฯ) จำกัด (มหาชน),NEWCITY (BANGKOK) PUBLIC COMPANY LIMITED
372,NCH,SET,บริษัท เอ็น. ซี. เฮ้าส์ซิ่ง จำกัด (มหาชน),N. C. HOUSING PUBLIC COMPANY LIMITED
373,NCL,mai,บริษัท เอ็นซีแอล อินเตอร์เนชั่นแนล โลจิสติกส์ จำกัด (มหาชน),NCL INTERNATIONAL LOGISTICS PUBLIC COMPANY LIMITED
374,NDR,mai,บริษัท เอ็น.ดี.รับเบอร์ จำกัด (มหาชน),N.D. RUBBER PUBLIC COMPANY LIMITED
375,NEP,SET,บริษัท เอ็นอีพี อสังหาริมทรัพย์ และอุตสาหกรรม จำกัด (มหาชน),NEP REALTY AND INDUSTRY PUBLIC COMPANY LIMITED
376,NETBAY,mai,บริษัท เน็ตเบย์ จำกัด (มหาชน),NETBAY PUBLIC COMPANY LIMITED
377,NEW,SET,บริษัท วัฒนาการแพทย์ จำกัด (มหาชน),WATTANA KARNPAET PUBLIC COMPANY LIMITED
378,NEWS,mai,บริษัท นิวส์ เน็ตเวิร์ค คอร์ปอเรชั่น จำกัด (มหาชน),NEWS NETWORK CORPORATION PUBLIC COMPANY LIMITED
379,NFC,SET,บริษัท เอ็นเอฟซี จำกัด (มหาชน),NFC PUBLIC COMPANY LIMITED
380,NINE,mai,บริษัท เนชั่น อินเตอร์เนชั่นแนล เอ็ดดูเทนเมนท์ จำกัด (มหาชน),NATION INTERNATIONAL EDUTAINMENT PUBLIC COMPANY LIMITED
381,NKI,SET,บริษัท นวกิจประกันภัย จำกัด (มหาชน),THE NAVAKIJ INSURANCE PUBLIC COMPANY LIMITED
382,NMG,SET,บริษัท เนชั่น มัลติมีเดีย กรุ๊ป จำกัด (มหาชน),NATION MULTIMEDIA GROUP PUBLIC COMPANY LIMITED
383,NNCL,SET,บริษัท นวนคร จำกัด (มหาชน),NAVANAKORN PUBLIC COMPANY LIMITED
384,NOBLE,SET,บริษัท โนเบิล ดีเวลลอปเมนท์ จำกัด (มหาชน),NOBLE DEVELOPMENT PUBLIC COMPANY LIMITED
385,NOK,SET,บริษัท สายการบินนกแอร์ จำกัด (มหาชน),NOK AIRLINES PUBLIC COMPANY LIMITED
386,NPK,mai,บริษัท นิวพลัสนิตติ้ง จำกัด (มหาชน),NEW PLUS KNITTING PUBLIC COMPANY LIMITED
387,NPP,SET,บริษัท นิปปอน แพ็ค (ประเทศไทย) จำกัด (มหาชน),NIPPON PACK (THAILAND) PUBLIC COMPANY LIMITED
388,NSI,SET,บริษัทนำสินประกันภัย จำกัด (มหาชน),NAM SENG INSURANCE PUBLIC COMPANY LIMITED
389,NTV,SET,บริษัท โรงพยาบาลนนทเวช จำกัด (มหาชน),NONTHAVEJ HOSPITAL PUBLIC COMPANY LIMITED
390,NUSA,SET,บริษัท ณุศาศิริ จำกัด (มหาชน),NUSASIRI PUBLIC COMPANY LIMITED
391,NVD,mai,บริษัท เนอวานา ไดอิ จำกัด (มหาชน),NIRVANA DAII PUBLIC COMPANY LIMITED
392,NWR,SET,บริษัทเนาวรัตน์พัฒนาการ จำกัด (มหาชน),NAWARAT PATANAKARN PUBLIC COMPANY LIMITED
393,NYT,SET,บริษัท นามยง เทอร์มินัล จำกัด (มหาชน),NAMYONG TERMINAL PUBLIC COMPANY LIMITED
394,OCC,SET,บริษัท โอ ซี ซี จำกัด (มหาชน),O.C.C. PUBLIC COMPANY LIMITED
395,OCEAN,mai,บริษัท โอเชี่ยน คอมเมิรช จำกัด (มหาชน),OCEAN COMMERCE PUBLIC COMPANY LIMITED
396,OGC,SET,บริษัท โอเชียนกลาส จำกัด (มหาชน),OCEAN GLASS PUBLIC COMPANY LIMITED
397,OHTL,SET,บริษัท โอเอชทีแอล จำกัด (มหาชน),OHTL PUBLIC COMPANY LIMITED
398,OISHI,SET,บริษัท โออิชิ กรุ๊ป จำกัด (มหาชน),OISHI GROUP PUBLIC COMPANY LIMITED
399,ORI,SET,บริษัท ออริจิ้น พร็อพเพอร์ตี้ จำกัด (มหาชน),ORIGIN PROPERTY PUBLIC COMPANY LIMITED
400,OTO,mai,บริษัท วันทูวัน คอนแทคส์ จำกัด (มหาชน),ONE TO ONE CONTACTS PUBLIC COMPANY LIMITED
401,PACE,SET,บริษัท เพซ ดีเวลลอปเมนท์ คอร์ปอเรชั่น จำกัด (มหาชน),PACE DEVELOPMENT CORPORATION PUBLIC COMPANY LIMITED
402,PAE,SET,บริษัท พีเออี (ประเทศไทย) จำกัด (มหาชน),PAE (THAILAND) PUBLIC COMPANY LIMITED
403,PAF,SET,บริษัท แพนเอเซียฟุตแวร์ จำกัด (มหาชน),PAN ASIA FOOTWEAR PUBLIC COMPANY LIMITED
404,PAP,SET,บริษัท แปซิฟิกไพพ์ จำกัด (มหาชน),PACIFIC PIPE PUBLIC COMPANY LIMITED
405,PATO,SET,บริษัท พาโตเคมีอุตสาหกรรม จำกัด (มหาชน),PATO CHEMICAL INDUSTRY PUBLIC COMPANY LIMITED
406,PB,SET,บริษัท เพรซิเดนท์ เบเกอรี่ จำกัด (มหาชน),PRESIDENT BAKERY PUBLIC COMPANY LIMITED
407,PCSGH,SET,บริษัท พี.ซี.เอส.แมชีน กรุ๊ปโฮลดิ้ง จำกัด (มหาชน),P.C.S. MACHINE GROUP HOLDING PUBLIC COMPANY LIMITED
408,PDG,mai,บริษัท พรอดดิจิ จำกัด (มหาชน),PRODIGY PUBLIC COMPANY LIMITED
409,PDI,SET,บริษัท ผาแดงอินดัสทรี จำกัด (มหาชน),PADAENG INDUSTRY PUBLIC COMPANY LIMITED
410,PE,SET,บริษัท พรีเมียร์เอ็นเตอร์ไพรซ์ จำกัด (มหาชน),PREMIER ENTERPRISE PUBLIC COMPANY LIMITED
411,PERM,SET,บริษัท เพิ่มสินสตีลเวิคส์ จำกัด (มหาชน),PERMSIN STEEL WORKS PUBLIC COMPANY LIMITED
412,PF,SET,บริษัท พร็อพเพอร์ตี้ เพอร์เฟค จำกัด (มหาชน),PROPERTY PERFECT PUBLIC COMPANY LIMITED
413,PG,SET,บริษัท ประชาอาภรณ์ จำกัด (มหาชน),PEOPLE'S GARMENT PUBLIC COMPANY LIMITED
414,PHOL,mai,บริษัท ผลธัญญะ จำกัด (มหาชน),PHOL DHANYA PUBLIC COMPANY LIMITED
415,PICO,mai,บริษัท ปิโก (ไทยแลนด์) จำกัด (มหาชน),PICO THAILAND PUBLIC COMPANY LIMITED
416,PIMO,mai,บริษัท ไพโอเนียร์ มอเตอร์ จำกัด (มหาชน),PIONEER MOTOR PUBLIC COMPANY LIMITED
417,PJW,mai,บริษัท ปัญจวัฒนาพลาสติก จำกัด (มหาชน),PANJAWATTANA PLASTIC PUBLIC COMPANY LIMITED
418,PK,SET,บริษัท พัฒน์กล จำกัด (มหาชน),PATKOL PUBLIC COMPANY LIMITED
419,PL,SET,บริษัท ภัทรลิสซิ่ง จำกัด (มหาชน),PHATRA LEASING PUBLIC COMPANY LIMITED
420,PLANB,SET,บริษัท แพลน บี มีเดีย จำกัด (มหาชน),PLAN B MEDIA PUBLIC COMPANY LIMITED
421,PLANET,mai,บริษัท แพลนเน็ต คอมมิวนิเคชั่น เอเชีย จำกัด (มหาชน),PLANET COMMUNICATIONS ASIA PUBLIC COMPANY LIMITED
422,PLAT,SET,บริษัท เดอะ แพลทินัม กรุ๊ป จำกัด (มหาชน),THE PLATINUM GROUP PUBLIC COMPANY LIMITED
423,PLE,SET,บริษัท เพาเวอร์ไลน์ เอ็นจิเนียริ่ง จำกัด (มหาชน),POWER LINE ENGINEERING PUBLIC COMPANY LIMITED
424,PM,SET,บริษัท พรีเมียร์ มาร์เก็ตติ้ง จำกัด (มหาชน),PREMIER MARKETING PUBLIC COMPANY LIMITED
425,PMTA,SET,บริษัท พีเอ็ม โทรีเซน เอเชีย โฮลดิ้งส์ จำกัด (มหาชน),PM THORESEN ASIA HOLDINGS PUBLIC COMPANY LIMITED
426,POLAR,SET,บริษัท โพลาริส แคปปิตัล จำกัด (มหาชน),POLARIS CAPITAL PUBLIC COMPANY LIMITED
427,POMPUI,SET,บริษัท ผลิตภัณฑ์อาหารกว้างไพศาล จำกัด (มหาชน),KUANG PEI SAN FOOD PRODUCTS PUBLIC COMPANY LIMITED
428,POPF,SET,กองทุนรวมสิทธิการเช่าอสังหาริมทรัพย์ไพร์มออฟฟิศ,PRIME OFFICE LEASEHOLD PROPERTY FUND
429,POST,SET,บริษัท บางกอก โพสต์ จำกัด (มหาชน),BANGKOK POST PUBLIC COMPANY LIMITED
430,PPF,SET,กองทุนรวมอสังหาริมทรัพย์ปิ่นทอง อินดัสเตรียล ปาร์ค,PINTHONG INDUSTRIAL PARK PROPERTY FUND
431,PPM,mai,บริษัท พรพรหมเม็ททอล จำกัด (มหาชน),PORN PROM METAL PUBLIC COMPANY LIMITED
432,PPP,SET,บริษัท พรีเมียร์ โพรดักส์ จำกัด (มหาชน),PREMIER PRODUCTS PUBLIC COMPANY LIMITED
433,PPS,mai,บริษัท โปรเจค แพลนนิ่ง เซอร์วิส จำกัด (มหาชน),PROJECT PLANNING SERVICE PUBLIC COMPANY LIMITED
434,PRAKIT,SET,บริษัท ประกิต โฮลดิ้งส์ จำกัด (มหาชน),PRAKIT HOLDINGS PUBLIC COMPANY LIMITED
435,PRANDA,SET,บริษัท แพรนด้า จิวเวลรี่ จำกัด (มหาชน),PRANDA JEWELRY PUBLIC COMPANY LIMITED
436,PREB,SET,บริษัท พรีบิลท์ จำกัด (มหาชน),PRE-BUILT PUBLIC COMPANY LIMITED
437,PRECHA,SET,บริษัท ปรีชากรุ๊ป จำกัด (มหาชน),PREECHA GROUP PUBLIC COMPANY LIMITED
438,PRG,SET,บริษัท ปทุมไรซมิล แอนด์ แกรนารี จำกัด (มหาชน),PATUM RICE MILL AND GRANARY PUBLIC COMPANY LIMTED
439,PRIN,SET,บริษัท ปริญสิริ จำกัด (มหาชน),PRINSIRI PUBLIC COMPANY LIMITED
440,PRINC,SET,บริษัท พริ้นซิเพิล แคปิตอล จำกัด (มหาชน),PRINCIPAL CAPITAL PUBLIC COMPANY LIMITED
441,PRM,SET,บริษัท พริมา มารีน จำกัด (มหาชน),PRIMA MARINE PUBLIC COMPANY LIMITED
442,PRO,SET,บริษัท โปรเฟสชั่นแนล เวสต์ เทคโนโลยี (1999) จำกัด (มหาชน),PROFESSIONAL WASTE TECHNOLOGY (1999) PUBLIC COMPANY LIMITED
443,PSH,SET,บริษัท พฤกษา โฮลดิ้ง จำกัด (มหาชน),PRUKSA HOLDING PUBLIC COMPANY LIMITED
444,PSL,SET,บริษัท พรีเชียส ชิพปิ้ง จำกัด (มหาชน),PRECIOUS SHIPPING PUBLIC COMPANY LIMITED
445,PSTC,mai,บริษัท เพาเวอร์ โซลูชั่น เทคโนโลยี จำกัด (มหาชน),POWER SOLUTION TECHNOLOGIES PUBLIC COMPANY LIMITED
446,PT,SET,บริษัท พรีเมียร์ เทคโนโลยี จำกัด (มหาชน),PREMIER TECHNOLOGY PUBLIC COMPANY LIMITED
447,PTG,SET,บริษัท พีทีจี เอ็นเนอยี จำกัด (มหาชน),PTG ENERGY PUBLIC COMPANY LIMITED
448,PTL,SET,บริษัท โพลีเพล็กซ์ (ประเทศไทย) จำกัด (มหาชน),POLYPLEX (THAILAND) PUBLIC COMPANY LIMITED
449,PTT,SET,บริษัท ปตท. จำกัด (มหาชน),PTT PUBLIC COMPANY LIMITED
450,PTTEP,SET,บริษัท ปตท. สำรวจและผลิตปิโตรเลียม จำกัด (มหาชน),PTT EXPLORATION AND PRODUCTION PUBLIC COMPANY LIMITED
451,PTTGC,SET,บริษัท พีทีที โกลบอล เคมิคอล จำกัด (มหาชน),PTT GLOBAL CHEMICAL PUBLIC COMPANY LIMITED
452,PYLON,SET,บริษัท ไพลอน จำกัด (มหาชน),PYLON PUBLIC COMPANY LIMITED
453,Q-CON,SET,บริษัท ควอลิตี้คอนสตรัคชั่นโปรดัคส์ จำกัด (มหาชน),QUALITY CONSTRUCTION PRODUCTS PUBLIC COMPANY LIMITED
454,QH,SET,บริษัท ควอลิตี้เฮ้าส์ จำกัด (มหาชน),QUALITY HOUSES PUBLIC COMPANY LIMITED
455,QHHR,SET,กองทุนรวมอสังหาริมทรัพย์และสิทธิการเช่า ควอลิตี้ เฮ้าส์ โฮเทล แอนด์ เรซิเดนซ์,QUALITY HOUSES HOTEL AND RESIDENCE FREEHOLD AND LEASEHOLD PROPERTY FUND
456,QHOP,SET,กองทุนรวมสิทธิการเช่าอสังหาริมทรัพย์ควอลิตี้ ฮอสพิทอลลิตี้,QUALITY HOSPITALITY LEASEHOLD PROPERTY FUND
457,QHPF,SET,กองทุนรวมสิทธิการเช่าอสังหาริมทรัพย์ควอลิตี้ เฮ้าส์,QUALITY HOUSES LEASEHOLD PROPERTY FUND
458,QLT,mai,บริษัท ควอลลีเทค จำกัด (มหาชน),QUALITECH PUBLIC COMPANY LIMITED
459,QTC,mai,บริษัท คิวทีซี เอนเนอร์ยี่ จำกัด (มหาชน),QTC ENERGY PUBLIC COMPANY LIMITED
460,RAM,SET,บริษัท โรงพยาบาลรามคำแหง จำกัด (มหาชน),RAMKHAMHAENG HOSPITAL PUBLIC COMPANY LIMITED
461,RATCH,SET,บริษัท ผลิตไฟฟ้าราชบุรีโฮลดิ้ง จำกัด (มหาชน),RATCHABURI ELECTRICITY GENERATING HOLDING PUBLIC CO.&sbquo;LTD.
462,RCI,SET,บริษัท โรแยล ซีรามิค อุตสาหกรรม จำกัด (มหาชน),THE ROYAL CERAMIC INDUSTRY PUBLIC COMPANY LIMITED
463,RCL,SET,บริษัท อาร์ ซี แอล จำกัด (มหาชน),REGIONAL CONTAINER LINES PUBLIC COMPANY LIMITED
464,RICH,SET,บริษัท ริช เอเชีย คอร์ปอเรชั่น จำกัด (มหาชน),RICH ASIA CORPORATION PUBLIC COMPANY LIMITED
465,RICHY,SET,บริษัท ริชี่ เพลซ 2002 จำกัด (มหาชน),RICHY PLACE 2002 PUBLIC COMPANY LIMITED
466,RJH,SET,บริษัท โรงพยาบาลราชธานี จำกัด (มหาชน),RAJTHANEE HOSPITAL PUBLIC COMPANY LIMITED
467,RML,SET,บริษัท ไรมอน แลนด์ จำกัด (มหาชน),RAIMON LAND PUBLIC COMPANY LIMITED
468,ROBINS,SET,บริษัท โรบินสัน จำกัด (มหาชน),ROBINSON PUBLIC COMPANY LIMITED
469,ROCK,SET,บริษัท ร้อกเวิธ จำกัด (มหาชน),ROCKWORTH PUBLIC COMPANY LIMITED
470,ROH,SET,บริษัท โรงแรมรอยัล ออคิด (ประเทศไทย) จำกัด (มหาชน),ROYAL ORCHID HOTEL (THAILAND) PUBLIC COMPANY LIMITED
471,ROJNA,SET,บริษัท สวนอุตสาหกรรมโรจนะ จำกัด (มหาชน),ROJANA INDUSTRIAL PARK PUBLIC COMPANY LIMITED
472,RP,mai,บริษัท ท่าเรือราชาเฟอร์รี่ จำกัด (มหาชน),RAJA FERRY PORT PUBLIC COMPANY LIMITED
473,RPC,SET,บริษัท อาร์พีซีจี จำกัด (มหาชน),RPCG PUBLIC COMPANY LIMITED
474,RPH,SET,บริษัท โรงพยาบาลราชพฤกษ์ จำกัด (มหาชน),RATCHAPHRUEK HOSPITAL PUBLIC COMPANY LIMITED
475,RS,SET,บริษัท อาร์เอส จำกัด (มหาชน),RS PUBLIC COMPANY LIMITED
476,RSP,SET,บริษัท ริช สปอร์ต จำกัด (มหาชน),RICH SPORT PUBLIC COMPANY LIMITED
477,RWI,mai,บริษัท ระยองไวร์ อินดัสตรีส์ จำกัด (มหาชน),RAYONG WIRE INDUSTRIES PUBLIC COMPANY LIMITED
478,S,SET,บริษัท สิงห์ เอสเตท จำกัด (มหาชน),SINGHA ESTATE PUBLIC COMPANY LIMITED
479,S & J,SET,บ.เอส แอนด์ เจ อินเตอร์เนชั่นแนล เอนเตอร์ไพรส์ จำกัด (มหาชน),S & J INTERNATIONAL ENTERPRISES PUBLIC COMPANY LIMITED
480,S11,SET,บริษัท เอส 11 กรุ๊ป จำกัด (มหาชน),S 11 GROUP PUBLIC COMPANY LIMITED
481,SABINA,SET,บริษัท ซาบีน่า จำกัด (มหาชน),SABINA PUBLIC COMPANY LIMITED
482,SAFARI,SET,บริษัท ซาฟารีเวิลด์ จำกัด (มหาชน),SAFARI WORLD PUBLIC COMPANY LIMITED
483,SALEE,mai,บริษัท สาลี่อุตสาหกรรม จำกัด (มหาชน),SALEE INDUSTRY PUBLIC COMPANY LIMITED
484,SAM,SET,บริษัท สามชัย สตีล อินดัสทรี จำกัด (มหาชน),SAMCHAI STEEL INDUSTRIES PUBLIC COMPANY LIMITED
485,SAMART,SET,บริษัท สามารถคอร์ปอเรชั่น จำกัด (มหาชน),SAMART CORPORATION PUBLIC COMPANY LIMITED
486,SAMCO,SET,บริษัท สัมมากร จำกัด (มหาชน),SAMMAKORN PUBLIC COMPANY LIMITED
487,SAMTEL,SET,บริษัท สามารถเทลคอม จำกัด (มหาชน),SAMART TELCOMS PUBLIC COMPANY LIMITED
488,SANKO,mai,บริษัท ซังโกะ ไดคาซติ้ง (ประเทศไทย) จำกัด (มหาชน),SANKO DIECASTING (THAILAND) PUBLIC COMPANY LIMITED
489,SAPPE,SET,บริษัท เซ็ปเป้ จำกัด (มหาชน),SAPPE PUBLIC COMPANY LIMITED
490,SAT,SET,บริษัท สมบูรณ์ แอ๊ดวานซ์ เทคโนโลยี จำกัด (มหาชน),SOMBOON ADVANCE TECHNOLOGY PUBLIC COMPANY LIMITED
491,SAUCE,SET,บริษัท ไทยเทพรส จำกัด (มหาชน),THAITHEPAROS PUBLIC COMPANY LIMITED
492,SAWAD,SET,บริษัท ศรีสวัสดิ์ คอร์ปอเรชั่น จำกัด (มหาชน),SRISAWAD CORPORATION PUBLIC COMPANY LIMITED
493,SAWANG,SET,บริษัท สว่างเอ็กซ์ปอร์ต จำกัด (มหาชน),SAWANG EXPORT PUBLIC COMPANY LIMITED
494,SBPF,SET,กองทุนรวมอสังหาริมทรัพย์ สมุยบุรี,SAMUI BURI PROPERTY FUND
495,SC,SET,บริษัท เอสซี แอสเสท คอร์ปอเรชั่น จำกัด (มหาชน),SC ASSET CORPORATION PUBLIC COMPANY LIMITED
496,SCB,SET,ธนาคารไทยพาณิชย์ จำกัด (มหาชน),THE SIAM COMMERCIAL BANK PUBLIC COMPANY LIMITED
497,SCC,SET,บริษัท ปูนซิเมนต์ไทย จำกัด(มหาชน),THE SIAM CEMENT PUBLIC COMPANY LIMITED
498,SCCC,SET,บริษัท ปูนซีเมนต์นครหลวง จำกัด (มหาชน),SIAM CITY CEMENT PUBLIC COMPANY LIMITED
499,SCG,SET,บริษัท สหโคเจน (ชลบุรี) จำกัด (มหาชน),SAHACOGEN (CHONBURI) PUBLIC COMPANY LIMITED
500,SCI,SET,บริษัท เอสซีไอ อีเลคตริค จำกัด (มหาชน),SCI ELECTRIC PUBLIC COMPANY LIMITED
501,SCN,SET,บริษัท สแกน อินเตอร์ จำกัด (มหาชน),SCAN INTER PUBLIC COMPANY LIMITED
502,SCP,SET,บริษัท ทักษิณคอนกรีต จำกัด (มหาชน),SOUTHERN CONCRETE PILE PUBLIC COMPANY LIMITED
503,SDC,SET,บริษัท สามารถ ดิจิตอล จำกัด (มหาชน),SAMART DIGITAL PUBLIC COMPANY LIMITED
504,SE,mai,บริษัท สยามอีสต์ โซลูชั่น จำกัด (มหาชน),SIAMEAST SOLUTIONS PUBLIC COMPANY LIMITED
505,SE-ED,SET,บริษัท ซีเอ็ดยูเคชั่น จำกัด (มหาชน),SE-EDUCATION PUBLIC COMPANY LIMITED
506,SEAFCO,SET,บริษัท ซีฟโก้ จำกัด (มหาชน),SEAFCO PUBLIC COMPANY LIMITED
507,SEAOIL,mai,บริษัท ซีออยล์ จำกัด (มหาชน),SEA OIL PUBLIC COMPANY LIMITED
508,SELIC,mai,บริษัท ซีลิค คอร์พ จำกัด (มหาชน),SELIC CORP PUBLIC COMPANY LIMITED
509,SENA,SET,บริษัท เสนาดีเวลลอปเม้นท์ จำกัด (มหาชน),SENADEVELOPMENT PUBLIC COMPANY LIMITED
510,SF,SET,บริษัท สยามฟิวเจอร์ ดีเวลอปเมนท์ จำกัด (มหาชน),SIAM FUTURE DEVELOPMENT PUBLIC COMPANY LIMITED
511,SFP,SET,บริษัท อาหารสยาม จำกัด(มหาชน),SIAM FOOD PRODUCTS PUBLIC COMPANY LIMITED
512,SGF,mai,บริษัท เอสจีเอฟ แคปปิตอล จำกัด (มหาชน),SGF CAPITAL PUBLIC COMPANY LIMITED
513,SGP,SET,บริษัท สยามแก๊ส แอนด์ ปิโตรเคมีคัลส์ จำกัด (มหาชน),SIAMGAS AND PETROCHEMICALS PUBLIC COMPANY LIMITED
514,SHANG,SET,บริษัท แชงกรี-ลา โฮเต็ล จำกัด (มหาชน),SHANGRI-LA HOTEL PUBLIC COMPANY LIMITED
515,SIAM,SET,บริษัท สยามสตีลอินเตอร์เนชั่นแนล จำกัด (มหาชน),SIAM STEEL INTERNATIONAL PUBLIC COMPANY LIMITED
516,SIMAT,mai,บริษัท ไซแมท เทคโนโลยี จำกัด (มหาชน),SIMAT TECHNOLOGIES PUBLIC COMPANY LIMITED
517,SINGER,SET,บริษัท ซิงเกอร์ประเทศไทย จำกัด (มหาชน),SINGER THAILAND PUBLIC COMPANY LIMITED
518,SIRI,SET,บริษัท แสนสิริ จำกัด (มหาชน),SANSIRI PUBLIC COMPANY LIMITED
519,SIRIP,SET,กองทุนรวมอสังหาริมทรัพย์แสนสิริ ไพร์มออฟฟิศ,SIRI PRIME OFFICE PROPERTY FUND
520,SIS,SET,บริษัท เอสไอเอส ดิสทริบิวชั่น (ประเทศไทย) จำกัด (มหาชน),SIS DISTRIBUTION (THAILAND) PUBLIC COMPANY LIMITED
521,SITHAI,SET,บริษัท ศรีไทยซุปเปอร์แวร์ จำกัด (มหาชน),SRITHAI SUPERWARE PUBLIC COMPANY LIMITED
522,SKN,SET,บริษัท ส.กิจชัย เอ็นเตอร์ไพรส์ จำกัด (มหาชน),S.KIJCHAI ENTERPRISE PUBLIC COMPANY LIMITED
523,SKR,SET,บริษัท ศิครินทร์ จำกัด (มหาชน),SIKARIN PUBLIC COMPANY LIMITED
524,SKY,mai,บริษัท สกาย ไอซีที จำกัด (มหาชน),SKY ICT PUBLIC COMPANY LIMITED
525,SLP,SET,บริษัท สาลี่ พริ้นท์ติ้ง จำกัด (มหาชน),SALEE PRINTING PUBLIC COMPANY LIMITED
526,SMART,mai,บริษัท สมาร์ทคอนกรีต จำกัด (มหาชน),SMART CONCRETE PUBLIC COMPANY LIMITED
527,SMIT,SET,บริษัท สหมิตรเครื่องกล จำกัด (มหาชน),SAHAMIT MACHINERY PUBLIC COMPANY LIMITED
528,SMK,SET,บริษัท สินมั่นคงประกันภัย จำกัด (มหาชน),SYN MUN KONG INSURANCE PUBLIC COMPANY LIMITED
529,SMM,SET,บริษัท สยามอินเตอร์มัลติมีเดีย จำกัด (มหาชน),SIAM INTER MULTIMEDIA PUBLIC COMPANY LIMITED
530,SMPC,SET,บริษัท สหมิตรถังแก๊ส จำกัด (มหาชน),SAHAMITR PRESSURE CONTAINER PUBLIC COMPANY LIMITED
531,SMT,SET,บริษัท สตาร์ส ไมโครอิเล็กทรอนิกส์ (ประเทศไทย) จำกัด (มหาชน),STARS MICROELECTRONICS (THAILAND) PUBLIC COMPANY LIMITED
532,SNC,SET,บริษัท เอส เอ็น ซี ฟอร์เมอร์ จำกัด (มหาชน),SNC FORMER PUBLIC COMPANY LIMITED
533,SNP,SET,บริษัท เอส แอนด์ พี ซินดิเคท จำกัด (มหาชน),S & P SYNDICATE PUBLIC COMPANY LIMITED
534,SOLAR,SET,บริษัท โซลาร์ตรอน จำกัด (มหาชน),SOLARTRON PUBLIC COMPANY LIMITED
535,SORKON,SET,บริษัท ส. ขอนแก่นฟู้ดส์ จำกัด (มหาชน),S. KHONKAEN FOODS PUBLIC COMPANY LIMITED
536,SPA,mai,บริษัท สยามเวลเนสกรุ๊ป จำกัด (มหาชน),SIAM WELLNESS GROUP PUBLIC COMPANY LIMITED
537,SPACK,SET,บริษัท เอส. แพ็ค แอนด์ พริ้นท์ จำกัด (มหาชน),S. PACK & PRINT PUBLIC COMPANY LIMITED
538,SPALI,SET,บริษัท ศุภาลัย จำกัด (มหาชน),SUPALAI PUBLIC COMPANY LIMITED
539,SPC,SET,บริษัท สหพัฒนพิบูล จำกัด (มหาชน),SAHA PATHANAPIBUL PUBLIC COMPANY LIMITED
540,SPCG,SET,บริษัท เอสพีซีจี จำกัด (มหาชน),SPCG PUBLIC COMPANY LIMITED
541,SPF,SET,กองทุนรวมสิทธิการเช่าอสังหาริมทรัพย์สนามบินสมุย,SAMUI AIRPORT PROPERTY FUND (LEASEHOLD)
542,SPG,SET,บริษัท สยามภัณฑ์กรุ๊ป จำกัด (มหาชน),THE SIAM PAN GROUP PUBLIC COMPANY LIMITED
543,SPI,SET,บริษัท สหพัฒนาอินเตอร์โฮลดิ้ง จำกัด (มหาชน),SAHA PATHANA INTER-HOLDING PUBLIC COMPANY LIMITED
544,SPORT,SET,บริษัท สยามสปอร์ต ซินดิเคท จำกัด (มหาชน),SIAM SPORT SYNDICATE PUBLIC COMPANY LIMITED
545,SPPT,SET,บริษัท ซิงเกิ้ล พอยท์ พาร์ท (ประเทศไทย) จำกัด (มหาชน),SINGLE POINT PARTS (THAILAND) PUBLIC COMPANY LIMITED
546,SPRC,SET,บริษัท สตาร์ ปิโตรเลียม รีไฟน์นิ่ง จำกัด (มหาชน),STAR PETROLEUM REFINING PUBLIC COMPANY LIMITED
547,SPVI,mai,บริษัท เอส พี วี ไอ จำกัด (มหาชน),S P V I PUBLIC COMPANY LIMITED
548,SQ,SET,บริษัท สหกลอิควิปเมนท์ จำกัด (มหาชน),SAHAKOL EQUIPMENT PUBLIC COMPANY LIMITED
549,SR,mai,บริษัท สยามราช จำกัด (มหาชน),SIAMRAJ PUBLIC COMPANY LIMITED
550,SRICHA,SET,บริษัท ศรีราชาคอนสตรัคชั่น จำกัด (มหาชน),SRIRACHA CONSTRUCTION PUBLIC COMPANY LIMITED
551,SRIPANWA,SET,ทรัสต์เพื่อการลงทุนในอสังหาริมทรัพย์โรงแรมศรีพันวา,SRI PANWA HOSPITALITY REAL ESTATE INVESTMENT TRUST
552,SSC,SET,บริษัท เสริมสุข จำกัด (มหาชน),SERMSUK PUBLIC COMPANY LIMITED
553,SSF,SET,บริษัท สุรพลฟู้ดส์ จำกัด (มหาชน),SURAPON FOODS PUBLIC COMPANY LIMITED
554,SSI,SET,บริษัท สหวิริยาสตีลอินดัสตรี จำกัด (มหาชน),SAHAVIRIYA STEEL INDUSTRIES PUBLIC COMPANY LIMITED
555,SSP,mai,บริษัท เสริมสร้าง พาวเวอร์ คอร์ปอเรชั่น จำกัด (มหาชน),SERMSANG POWER CORPORATION PUBLIC COMPANY LIMITED
556,SSPF,SET,กองทุนรวมอสังหาริมทรัพย์ศาลาแอทสาทร,SALA @ SATHORN PROPERTY FUND
557,SSSC,SET,บริษัท ศูนย์บริการเหล็กสยาม จำกัด (มหาชน),SIAM STEEL SERVICE CENTER PUBLIC COMPANY LIMITED
558,SST,SET,บริษัท ทรัพย์ศรีไทย จำกัด (มหาชน),SUB SRI THAI PUBLIC COMPANY LIMITED
559,SSTPF,SET,กองทุนรวมอสังหาริมทรัพย์ ทรัพย์ศรีไทย,SUB SRI THAI PROPERTY FUND
560,SSTSS,SET,กองทุนรวมอสังหาริมทรัพย์ทรัพย์ศรีไทย สมาร์ท สโตเรจ,SUBSRITHAI SMART STORAGE PROPERTY FUND
561,STA,SET,บริษัท ศรีตรังแอโกรอินดัสทรี จำกัด (มหาชน),SRI TRANG AGRO-INDUSTRY PUBLIC COMPANY LIMITED
562,STANLY,SET,บริษัท ไทยสแตนเลย์การไฟฟ้า จำกัด (มหาชน),THAI STANLEY ELECTRIC PUBLIC COMPANY LIMITED
563,STAR,mai,บริษัท สตาร์ ยูนิเวอร์แซล เน็ตเวิร์ค จำกัด (มหาชน),STAR UNIVERSAL NETWORK PUBLIC COMPANY LIMITED
564,STEC,SET,บริษัท ซิโน-ไทย เอ็นจีเนียริ่งแอนด์คอนสตรัคชั่น จำกัด(มหาชน),SINO-THAI ENGINEERING AND CONSTRUCTION PUBLIC CO.&sbquo;LTD.
565,STHAI,SET,บริษัท ซันไทยอุตสาหกรรมถุงมือยาง จำกัด (มหาชน),SHUN THAI RUBBER GLOVES INDUSTRY PUBLIC CO.&sbquo; LTD
566,STPI,SET,บริษัท เอสทีพี แอนด์ ไอ จำกัด (มหาชน),STP&I PUBLIC COMPANY LIMITED
567,SUC,SET,บริษัท สหยูเนี่ยน จำกัด (มหาชน),SAHA-UNION PUBLIC COMPANY LIMITED
568,SUPER,SET,บริษัท ซุปเปอร์บล๊อก จำกัด (มหาชน),SUPERBLOCK PUBLIC COMPANY LIMITED
569,SUSCO,SET,บริษัท ซัสโก้ จำกัด (มหาชน),SUSCO PUBLIC COMPANY LIMITED
570,SUTHA,SET,บริษัท สุธากัญจน์ จำกัด (มหาชน),GOLDEN LIME PUBLIC COMPANY LIMITED
571,SVH,SET,บริษัท สมิติเวช จำกัด (มหาชน),SAMITIVEJ PUBLIC COMPANY LIMITED
572,SVI,SET,บริษัท เอสวีไอ จำกัด (มหาชน),SVI PUBLIC COMPANY LIMITED
573,SVOA,SET,บริษัท เอสวีโอเอ จำกัด (มหาชน),SVOA PUBLIC COMPANY LIMITED
574,SWC,mai,บริษัท เชอร์วู้ด เคมิคอล จำกัด (มหาชน),SHERWOOD CHEMICALS PUBLIC COMPANY LIMITED
575,SYMC,SET,บริษัท ซิมโฟนี่ คอมมูนิเคชั่น จำกัด (มหาชน),SYMPHONY COMMUNICATION PUBLIC COMPANY LIMITED
576,SYNEX,SET,บริษัท ซินเน็ค (ประเทศไทย) จำกัด (มหาชน),SYNNEX (THAILAND) PUBLIC COMPANY LIMITED
577,SYNTEC,SET,บริษัท ซินเท็ค คอนสตรัคชั่น จำกัด (มหาชน),SYNTEC CONSTRUCTION PUBLIC COMPANY LIMITED
578,T,mai,บริษัท ที เอ็นจิเนียร์ริ่ง คอร์เปอร์เรชั่น จำกัด (มหาชน),T ENGINEERING CORPORATION PUBLIC COMPANY LIMITED
579,TACC,mai,บริษัท ที.เอ.ซี. คอนซูเมอร์ จำกัด (มหาชน),T.A.C. CONSUMER PUBLIC COMPANY LIMITED
580,TAE,SET,บริษัท ไทย อะโกร เอ็นเนอร์ยี่ จำกัด (มหาชน),THAI AGRO ENERGY PUBLIC COMPANY LIMITED
581,TAKUNI,mai,บริษัท ทาคูนิ กรุ๊ป จำกัด (มหาชน),TAKUNI GROUP PUBLIC COMPANY LIMITED
582,TAPAC,mai,บริษัท ทาพาโก้ จำกัด (มหาชน),TAPACO PUBLIC COMPANY LIMITED
583,TASCO,SET,บริษัท ทิปโก้แอสฟัลท์ จำกัด (มหาชน),TIPCO ASPHALT PUBLIC COMPANY LIMITED
584,TBSP,SET,บริษัท ไทยบริติช ซีเคียวริตี้ พริ้นติ้ง จำกัด (มหาชน),THAI BRITISH SECURITY PRINTING PUBLIC COMPANY LIMITED
585,TC,SET,บริษัท ทรอปิคอลแคนนิ่ง (ประเทศไทย) จำกัด (มหาชน),TROPICAL CANNING (THAILAND) PUBLIC COMPANY LIMITED
586,TCAP,SET,บริษัท ทุนธนชาต จำกัด (มหาชน),THANACHART CAPITAL PUBLIC COMPANY LIMITED
587,TCB,SET,บริษัท ไทยคาร์บอนแบล็ค จำกัด (มหาชน),THAI CARBON BLACK PUBLIC COMPANY LIMITED
588,TCC,SET,บริษัท ไทย แคปปิตอล คอร์ปอเรชั่น จำกัด (มหาชน),THAI CAPITAL CORPORATION PUBLIC COMPANY LIMITED
589,TCCC,SET,บริษัท ไทยเซ็นทรัลเคมี จำกัด (มหาชน),THAI CENTRAL CHEMICAL PUBLIC COMPANY LIMITED
590,TCJ,SET,บริษัท ที.ซี.เจ.เอเซีย จำกัด (มหาชน),T.C.J. ASIA PUBLIC COMPANY LIMITED
591,TCMC,SET,บริษัท ทีซีเอ็ม คอร์ปอเรชั่น จำกัด (มหาชน),TCM CORPORATION PUBLIC COMPANY LIMITED
592,TCOAT,SET,บริษัท อุตสาหกรรมผ้าเคลือบพลาสติกไทย จำกัด (มหาชน),THAI COATING INDUSTRIAL PUBLIC COMPANY LIMITED
593,TEAM,SET,บริษัท ทีมพรีซิชั่น จำกัด (มหาชน),TEAM PRECISION PUBLIC COMPANY LIMITED
594,TFD,SET,บริษัท ไทยพัฒนาโรงงานอุตสาหกรรม จำกัด (มหาชน),THAI FACTORY DEVELOPMENT PUBLIC COMPANY LIMITED
595,TFG,SET,บริษัท ไทยฟู้ดส์ กรุ๊ป จำกัด (มหาชน),THAIFOODS GROUP PUBLIC COMPANY LIMITED
596,TFI,SET,บริษัท ไทยฟิล์มอินดัสตรี่ จำกัด (มหาชน),THAI FILM INDUSTRIES PUBLIC COMPANY LIMITED
597,TFMAMA,SET,บริษัท ไทยเพรซิเดนท์ฟูดส์ จำกัด (มหาชน),THAI PRESIDENT FOODS PUBLIC COMPANY LIMITED
598,TFUND,SET,กองทุนรวมอสังหาริมทรัพย์ไทคอน,TICON PROPERTY FUND
599,TGCI,SET,บริษัท ไทย-เยอรมัน เซรามิค อินดัสทรี่ จำกัด (มหาชน),THAI-GERMAN CERAMIC INDUSTRY PUBLIC COMPANY LIMITED
600,TGPRO,SET,บริษัท ไทย-เยอรมัน โปรดักส์ จำกัด (มหาชน),THAI-GERMAN PRODUCTS PUBLIC COMPANY LIMITED
601,TGROWTH,SET,กองทุนรวมสิทธิการเช่าอสังหาริมทรัพย์ไทคอน อินดัสเทรียล โกรท,TICON INDUSTRIAL GROWTH LEASEHOLD PROPERTY FUND
602,TH,SET,บริษัท ตงฮั้ว โฮลดิ้ง จำกัด (มหาชน),TONG HUA HOLDING PUBLIC COMPANY LIMITED
603,THAI,SET,บริษัท การบินไทย จำกัด (มหาชน),THAI AIRWAYS INTERNATIONAL PUBLIC COMPANY LIMITED
604,THANA,mai,บริษัท ธนาสิริ กรุ๊ป จำกัด (มหาชน),THANASIRI GROUP PUBLIC COMPANY LIMITED
605,THANI,SET,บริษัท ราชธานีลิสซิ่ง จำกัด (มหาชน),RATCHTHANI LEASING PUBLIC COMPANY LIMITED
606,THCOM,SET,บริษัท ไทยคม จำกัด (มหาชน),THAICOM PUBLIC COMPANY LIMITED
607,THE,SET,บริษัท เดอะ สตีล จำกัด (มหาชน),THE STEEL PUBLIC COMPANY LIMITED
608,THIP,SET,บริษัท ทานตะวันอุตสาหกรรม จำกัด (มหาชน),THANTAWAN INDUSTRY PUBLIC COMPANY LIMITED
609,THL,SET,บริษัท ทุ่งคาฮาเบอร์ จำกัด (มหาชน),TONGKAH HARBOUR PUBLIC COMPANY LIMITED
610,THRE,SET,บริษัท ไทยรับประกันภัยต่อ จำกัด (มหาชน),THAI REINSURANCE PUBLIC COMPANY LIMITED
611,THREL,SET,บริษัท ไทยรีประกันชีวิต จำกัด (มหาชน),THAIRE LIFE ASSURANCE PUBLIC COMPANY LIMITED
612,TIC,SET,บริษัท ไทยประกันภัย จำกัด (มหาชน),THE THAI INSURANCE PUBLIC COMPANY LIMITED
613,TICON,SET,บริษัท ไทคอน อินดัสเทรียล คอนเน็คชั่น จำกัด (มหาชน),TICON INDUSTRIAL CONNECTION PUBLIC COMPANY LIMITED
614,TIF1,SET,กองทุนรวมอสังหาริมทรัพย์ไทยอินดัสเตรียล 1,THAI INDUSTRIAL FUND 1
615,TIP,SET,บริษัท ทิพยประกันภัย จำกัด (มหาชน),DHIPAYA INSURANCE PUBLIC COMPANY LIMITED
616,TIPCO,SET,บริษัท ทิปโก้ฟูดส์ จำกัด (มหาชน),TIPCO FOODS PUBLIC COMPANY LIMITED
617,TISCO,SET,บริษัท ทิสโก้ไฟแนนเชียลกรุ๊ป จำกัด (มหาชน),TISCO FINANCIAL GROUP PUBLIC COMPANY LIMITED
618,TITLE,mai,บริษัท ร่มโพธิ์ พร็อพเพอร์ตี้ จำกัด (มหาชน),RHOM BHO PROPERTY PUBLIC COMPANY LIMITED
619,TIW,SET,บริษัท ไทยแลนด์ไอออนเวิคส์ จำกัด (มหาชน),THAILAND IRON WORKS PUBLIC COMPANY LIMITED
620,TK,SET,บริษัท ฐิติกร จำกัด (มหาชน),THITIKORN PUBLIC COMPANY LIMITED
621,TKN,SET,บริษัท เถ้าแก่น้อย ฟู๊ดแอนด์มาร์เก็ตติ้ง จำกัด (มหาชน),TAOKAENOI FOOD & MARKETING PUBLIC COMPANY LIMITED
622,TKS,SET,บริษัท ที.เค.เอส. เทคโนโลยี จำกัด (มหาชน),T.K.S. TECHNOLOGIES PUBLIC COMPANY LIMITED
623,TKT,SET,บริษัท ที.กรุงไทยอุตสาหกรรม จำกัด (มหาชน),T.KRUNGTHAI INDUSTRIES PUBLIC COMPANY LIMITED
624,TLGF,SET,กองทุนรวมอสังหาริมทรัพย์และสิทธิการเช่าเทสโก้ โลตัส รีเทล โกรท,TESCO LOTUS RETAIL GROWTH FREEHOLD AND LEASEHOLD PROPERTY FUND
625,TLHPF,SET,กองทุนรวมอสังหาริมทรัพย์ ไทยแลนด์ โฮสพีทาลิตี้,THAILAND HOSPITALITY PROPERTY FUND
626,TLOGIS,SET,กองทุนรวมอสังหาริมทรัพย์ทีพาร์คโลจิสติคส์,TPARK LOGISTICS PROPERTY FUND
627,TLUXE,SET,บริษัท ไทยลักซ์ เอ็นเตอร์ไพรส์ จำกัด (มหาชน),THAILUXE ENTERPRISES PUBLIC COMPANY LIMITED
628,TM,mai,บริษัท เทคโนเมดิคัล จำกัด (มหาชน),TECHNO MEDICAL PUBLIC COMPANY LIMITED
629,TMB,SET,ธนาคารทหารไทย จำกัด (มหาชน),TMB BANK PUBLIC COMPANY LIMITED
630,TMC,mai,บริษัท ที.เอ็ม.ซี. อุตสาหกรรม จำกัด (มหาชน),T.M.C. INDUSTRIAL PUBLIC COMPANY LIMITED
631,TMD,SET,บริษัท อุตสาหกรรมถังโลหะไทย จำกัด (มหาชน),THAI METAL DRUM MANUFACTURING PUBLIC COMPANY LIMITED
632,TMI,mai,บริษัท ธีระมงคล อุตสาหกรรม จำกัด (มหาชน),TEERA-MONGKOL INDUSTRY PUBLIC COMPANY LIMITED
633,TMILL,mai,บริษัท ที เอส ฟลาวมิลล์ จำกัด (มหาชน),T S FLOUR MILL PUBLIC COMPANY LIMITED
634,TMT,SET,บริษัท ค้าเหล็กไทย จำกัด (มหาชน),THAI METAL TRADE PUBLIC COMPANY LIMITED
635,TMW,mai,บริษัท ไทยมิตซูวา จำกัด (มหาชน),THAI MITSUWA PUBLIC COMPANY LIMITED
636,TNDT,mai,บริษัท ไทย เอ็น ดี ที จำกัด (มหาชน),THAI NONDESTRUCTIVE TESTING PUBLIC COMPANY LIMITED
637,TNH,mai,บริษัท โรงพยาบาลไทยนครินทร์ จำกัด (มหาชน),THAI NAKARIN HOSPITAL PUBLIC COMPANY LIMITED
638,TNITY,SET,บริษัท ทรีนีตี้ วัฒนา จำกัด (มหาชน),TRINITY WATTHANA PUBLIC COMPANY LIMITED
639,TNL,SET,บริษัท ธนูลักษณ์ จำกัด (มหาชน),THANULUX PUBLIC COMPANY LIMITED
640,TNP,mai,บริษัท ธนพิริยะ จำกัด (มหาชน),THANAPIRIYA PUBLIC COMPANY LIMITED
641,TNPC,SET,บริษัท ไทยนามพลาสติกส์ จำกัด (มหาชน),THAI NAM PLASTIC PUBLIC COMPANY LIMITED
642,TNPF,SET,กองทุนรวมอสังหาริมทรัพย์และสิทธิการเช่าตรีนิตี้,TRINITY FREEHOLD AND LEASEHOLD PROPERTY FUND
643,TNR,SET,บริษัท ไทยนิปปอนรับเบอร์อินดัสตรี้ จำกัด (มหาชน),THAI NIPPON RUBBER INDUSTRY PUBLIC COMPANY LIMITED
644,TOA,SET,บริษัท ทีโอเอ เพ้นท์ (ประเทศไทย) จำกัด (มหาชน),TOA PAINT (THAILAND) PUBLIC COMPANY LIMITED
645,TOG,SET,บริษัท ไทยออพติคอล กรุ๊ป จำกัด (มหาชน),THAI OPTICAL GROUP PUBLIC COMPANY LIMITED
646,TOP,SET,บริษัท ไทยออยล์ จำกัด (มหาชน),THAI OIL PUBLIC COMPANY LIMITED
647,TOPP,SET,บริษัท ไทย โอ.พี.พี. จำกัด (มหาชน),THAI O.P.P. PUBLIC COMPANY LIMITED
648,TPA,SET,บริษัท ไทยโพลีอะคริลิค จำกัด (มหาชน),THAI POLY ACRYLIC PUBLIC COMPANY LIMITED
649,TPAC,mai,บริษัท พลาสติค และหีบห่อไทย จำกัด (มหาชน),THAI PLASPAC PUBLIC COMPANY LIMITED
650,TPBI,SET,บริษัท ทีพีบีไอ จำกัด (มหาชน),TPBI PUBLIC COMPANY LIMITED
651,TPCH,mai,บริษัท ทีพีซี เพาเวอร์โฮลดิ้ง จำกัด (มหาชน),TPC POWER HOLDING PUBLIC COMPANY LIMITED
652,TPCORP,SET,บริษัท เท็กซ์ไทล์เพรสทีจ จำกัด (มหาชน),TEXTILE PRESTIGE PUBLIC COMPANY LIMITED
653,TPIPL,SET,บริษัท ทีพีไอ โพลีน จำกัด (มหาชน),TPI POLENE PUBLIC COMPANY LIMITED
654,TPIPP,SET,บริษัท ทีพีไอ โพลีน เพาเวอร์ จำกัด (มหาชน),TPI POLENE POWER PUBLIC COMPANY LIMITED
655,TPOLY,SET,บริษัท ไทยโพลีคอนส์ จำกัด (มหาชน),THAI POLYCONS PUBLIC COMPANY LIMITED
656,TPP,SET,บริษัท ไทยบรรจุภัณฑ์และการพิมพ์ จำกัด (มหาชน),THAI PACKAGING & PRINTING PUBLIC COMPANY LIMITED
657,TPRIME,SET,ทรัสต์เพื่อการลงทุนในอสังหาริมทรัพย์และสิทธิการเช่าไทยแลนด์ ไพร์ม พร็อพเพอร์ตี้,THAILAND PRIME PROPERTY FREEHOLD AND LEASEHOLD REAL ESTATE INVESTMENT TRUST
658,TR,SET,บริษัท ไทยเรยอน จำกัด (มหาชน),THAI RAYON PUBLIC COMPANY LIMITED
659,TRC,SET,บริษัท ทีอาร์ซี คอนสตรัคชั่น จำกัด (มหาชน),TRC CONSTRUCTION PUBLIC COMPANY LIMITED
660,TREIT,SET,ทรัสต์เพื่อการลงทุนในอสังหาริมทรัพย์และสิทธิการเช่าอสังหาริมทรัพย์ไทคอน,TICON FREEHOLD AND LEASEHOLD REAL ESTATE INVESTMENT TRUST
661,TRITN,SET,บริษัท ไทรทัน โฮลดิ้ง จำกัด (มหาชน),TRITON HOLDING PUBLIC COMPANY LIMITED
662,TRT,mai,บริษัท ถิรไทย จำกัด (มหาชน),TIRATHAI PUBLIC COMPANY LIMITED
663,TRU,SET,บริษัท ไทยรุ่งยูเนียนคาร์ จำกัด (มหาชน),THAI RUNG UNION CAR PUBLIC COMPANY LIMITED
664,TRUBB,SET,บริษัท ไทยรับเบอร์ลาเท็คซ์คอร์ปอร์เรชั่น (ประเทศไทย) จำกัด (มหาชน),THAI RUBBER LATEX CORPORATION (THAILAND) PUBLIC CO.&sbquo;LTD.
665,TRUE,SET,บริษัท ทรู คอร์ปอเรชั่น จำกัด (มหาชน),TRUE CORPORATION PUBLIC COMPANY LIMITED
666,TSC,SET,บริษัท ไทยสตีลเคเบิล จำกัด (มหาชน),THAI STEEL CABLE PUBLIC COMPANY LIMITED
667,TSE,mai,บริษัท ไทย โซล่าร์ เอ็นเนอร์ยี่ จำกัด (มหาชน),THAI SOLAR ENERGY PUBLIC COMPANY LIMITED
668,TSF,mai,บริษัท ทรีซิกตี้ไฟว์ จำกัด (มหาชน),THREE SIXTY FIVE PUBLIC COMPANY LIMITED
669,TSI,SET,บริษัท ไทยเศรษฐกิจประกันภัย จำกัด (มหาชน),THE THAI SETAKIJ INSURANCE PUBLIC COMPANY LIMITED
670,TSR,SET,บริษัท เธียรสุรัตน์ จำกัด (มหาชน),THIENSURAT PUBLIC COMPANY LIMITED
671,TSTE,SET,บริษัท ไทยชูการ์ เทอร์มิเนิ้ล จำกัด (มหาชน),THAI SUGAR TERMINAL PUBLIC COMPANY LIMITED
672,TSTH,SET,บริษัท ทาทา สตีล (ประเทศไทย) จำกัด (มหาชน),TATA STEEL (THAILAND) PUBLIC COMPANY LIMITED
673,TTA,SET,บริษัท โทรีเซนไทย เอเยนต์ซีส์ จำกัด (มหาชน),THORESEN THAI AGENCIES PUBLIC COMPANY LIMITED
674,TTCL,SET,บริษัท ทีทีซีแอล จำกัด (มหาชน),TTCL PUBLIC COMPANY LIMITED
675,TTI,SET,บริษัท โรงงานผ้าไทย จำกัด (มหาชน),THAI TEXTILE INDUSTRY PUBLIC COMPANY LIMITED
676,TTL,SET,บริษัท ทีทีแอล อุตสาหกรรม จำกัด (มหาชน),TTL INDUSTRIES PUBLIC COMPANY LIMITED
677,TTLPF,SET,กองทุนรวมสิทธิการเช่าอสังหาริมทรัพย์ตลาดไท,TALAAD THAI LEASEHOLD PROPERTY FUND
678,TTTM,SET,บริษัท ไทยโทเรเท็กซ์ไทล์มิลลส์ จำกัด (มหาชน),THAI TORAY TEXTILE MILLS PUBLIC COMPANY LIMITED
679,TTW,SET,บริษัท ทีทีดับบลิว จำกัด (มหาชน),TTW PUBLIC COMPANY LIMITED
680,TU,SET,บริษัท ไทยยูเนี่ยน กรุ๊ป จำกัด (มหาชน),THAI UNION GROUP PUBLIC COMPANY LIMITED
681,TU-PF,SET,กองทุนรวมสิทธิการเช่าอสังหาริมทรัพย์ ที ยู โดม เรสซิเดนท์เชียล คอมเพล็กซ์,T.U. DOME RESIDENTIAL COMPLEX LEASEHOLD PROPERTY FUND
682,TUCC,SET,บริษัท ไทยยูนีคคอยล์เซ็นเตอร์ จำกัด (มหาชน),THAI UNIQUE COIL CENTER PUBLIC COMPANY LIMITED
683,TVD,mai,บริษัท ทีวี ไดเร็ค จำกัด (มหาชน),TV DIRECT PUBLIC COMPANY LIMITED
684,TVI,SET,บริษัท ประกันภัยไทยวิวัฒน์ จำกัด (มหาชน),THAIVIVAT INSURANCE PUBLIC COMPANY LIMITED
685,TVO,SET,บริษัท น้ำมันพืชไทย จำกัด (มหาชน),THAI VEGETABLE OIL PUBLIC COMPANY LIMITED
686,TVT,mai,บริษัท ทีวี ธันเดอร์ จำกัด (มหาชน),TV THUNDER PUBLIC COMPANY LIMITED
687,TWP,SET,บริษัท ไทยไวร์โพรดัคท์ จำกัด (มหาชน),THAI WIRE PRODUCTS PUBLIC COMPANY LIMITED
688,TWPC,SET,บริษัท ไทยวา จำกัด (มหาชน),THAI WAH PUBLIC COMPANY LIMITED
689,TWZ,SET,บริษัท ทีดับบลิวแซด คอร์ปอเรชั่น จำกัด (มหาชน),TWZ CORPORATION PUBLIC COMPANY LIMITED
690,TYCN,SET,บริษัทไทยคูน เวิลด์ไวด์ กรุ๊ป (ประเทศไทย) จำกัด (มหาชน),TYCOONS WORLDWIDE GROUP (THAILAND) PUBLIC CO.&sbquo;LTD.
691,U,SET,บริษัท ยู ซิตี้ จำกัด (มหาชน),U CITY PUBLIC COMPANY LIMITED
692,UAC,mai,บริษัท ยูเอซี โกลบอล จำกัด (มหาชน),UAC GLOBAL PUBLIC COMPANY LIMITED
693,UBIS,mai,บริษัท ยูบิส (เอเชีย) จำกัด (มหาชน),UBIS (ASIA) PUBLIC COMPANY LIMITED
694,UEC,mai,บริษัท ยูนิมิต เอนจิเนียริ่ง จำกัด (มหาชน),UNIMIT ENGINEERING PUBLIC COMPANY LIMITED
695,UKEM,mai,บริษัท ยูเนี่ยน ปิโตรเคมีคอล จำกัด (มหาชน),UNION PETROCHEMICAL PUBLIC COMPANY LIMITED
696,UMI,SET,บริษัท สหโมเสคอุตสาหกรรม จำกัด (มหาชน),THE UNION MOSAIC INDUSTRY PUBLIC COMPANY LIMITED
697,UMS,mai,บริษัท ยูนิค ไมนิ่ง เซอร์วิสเซส จำกัด (มหาชน),UNIQUE MINING SERVICES PUBLIC COMPANY LIMITED
698,UNIPF,SET,กองทุนรวมอสังหาริมทรัพย์ยูนิลอฟท์,UNILOFT PROPERTY FUND
699,UNIQ,SET,บริษัท ยูนิค เอ็นจิเนียริ่ง แอนด์ คอนสตรัคชั่น จำกัด (มหาชน),UNIQUE ENGINEERING AND CONSTRUCTION PUBLIC COMPANY LIMITED
700,UOBKH,SET,บริษัทหลักทรัพย์ ยูโอบี เคย์เฮียน (ประเทศไทย) จำกัด (มหาชน),UOB KAY HIAN SECURITIES (THAILAND) PUBLIC COMPANY LIMITED
701,UP,SET,บริษัท ยูเนี่ยนพลาสติก จำกัด (มหาชน),UNION PLASTIC PUBLIC COMPANY LIMITED
702,UPA,mai,บริษัท ยูไนเต็ด เพาเวอร์ ออฟ เอเชีย จำกัด (มหาชน),UNITED POWER OF ASIA PUBLIC COMPANY LIMITED
703,UPF,SET,บริษัท ยูเนี่ยนไพโอเนียร์ จำกัด (มหาชน),UNION PIONEER PUBLIC COMPANY LIMITED
704,UPOIC,SET,บริษัท สหอุตสาหกรรมน้ำมันปาล์ม จำกัด (มหาชน),UNITED PALM OIL INDUSTRY PUBLIC COMPANY LIMITED
705,URBNPF,SET,กองทุนรวมสิทธิการเช่าอสังหาริมทรัพย์เออร์บานา,URBANA PROPERTY FUND (LEASE HOLD)
706,UREKA,mai,บริษัท ยูเรกา ดีไซน์ จำกัด (มหาชน),EUREKA DESIGN PUBLIC COMPANY LIMITED
707,UT,SET,บริษัท ยูเนี่ยนอุตสาหกรรมสิ่งทอ จำกัด (มหาชน),UNION TEXTILE INDUSTRIES PUBLIC COMPANY LIMITED
708,UTP,SET,บริษัท ยูไนเต็ด เปเปอร์ จำกัด (มหาชน),UNITED PAPER PUBLIC COMPANY LIMITED
709,UV,SET,บริษัท ยูนิเวนเจอร์ จำกัด (มหาชน),UNIVENTURES PUBLIC COMPANY LIMITED
710,UVAN,SET,บริษัท ยูนิวานิชน้ำมันปาล์ม จำกัด (มหาชน),UNIVANICH PALM OIL PUBLIC COMPANY LIMITED
711,UWC,mai,บริษัท เอื้อวิทยา จำกัด (มหาชน),UA WITHYA PUBLIC COMPANY LIMITED
712,VARO,SET,บริษัท วโรปกรณ์ จำกัด (มหาชน),VAROPAKORN PUBLIC COMPANY LIMITED
713,VGI,SET,บริษัท วี จี ไอ โกลบอล มีเดีย จำกัด (มหาชน),VGI GLOBAL MEDIA PUBLIC COMPANY LIMITED
714,VI,SET,บริษัท เวนเจอร์ อินคอร์ปอเรชั่น จำกัด (มหาชน),VENTURE INCORPORATION PUBLIC COMPANY LIMITED
715,VIBHA,SET,บริษัท โรงพยาบาลวิภาวดี จำกัด (มหาชน),VIBHAVADI MEDICAL CENTER PUBLIC COMPANY LIMITED
716,VIH,SET,บริษัท ศรีวิชัยเวชวิวัฒน์ จำกัด (มหาชน),SRIVICHAIVEJVIVAT PUBLIC COMPANY LIMITED
717,VNG,SET,บริษัท วนชัย กรุ๊ป จำกัด (มหาชน),VANACHAI GROUP PUBLIC COMPANY LIMITED
718,VNT,SET,บริษัท วีนิไทย จำกัด (มหาชน),VINYTHAI PUBLIC COMPANY LIMITED
719,VPO,SET,บริษัท วิจิตรภัณฑ์ปาล์มออยล์ จำกัด (มหาชน),VICHITBHAN PALMOIL PUBLIC COMPANY LIMITED
720,VTE,mai,บริษัท วินเทจ วิศวกรรม จำกัด (มหาชน),VINTAGE ENGINEERING PUBLIC CO.&sbquo; LTD.
721,WACOAL,SET,บริษัท ไทยวาโก้ จำกัด (มหาชน),THAI WACOAL PUBLIC COMPANY LIMITED
722,WAVE,SET,บริษัท เวฟ เอ็นเตอร์เทนเมนท์ จำกัด (มหาชน),WAVE ENTERTAINMENT PUBLIC COMPANY LIMITED
723,WG,SET,บริษัท ไว้ท์กรุ๊ป จำกัด (มหาชน),WHITE GROUP PUBLIC COMPANY LIMITED
724,WHA,SET,บริษัท ดับบลิวเอชเอ คอร์ปอเรชั่น จำกัด (มหาชน),WHA CORPORATION PUBLIC COMPANY LIMITED
725,WHABT,SET,ทรัสต์เพื่อการลงทุนในอสังหาริมทรัพย์และสิทธิการเช่าดับบลิวเอชเอ บิสซิเนส คอมเพล็กซ์,WHA BUSINESS COMPLEX FREEHOLD AND LEASEHOLD REAL ESTATE INVESTMENT TRUST
726,WHAPF,SET,กองทุนรวมอสังหาริมทรัพย์และสิทธิการเช่าดับบลิวเอชเอ พรีเมี่ยม แฟคทอรี่แอนด์แวร์เฮ้าส์ ฟันด์,WHA PREMIUM FACTORY AND WAREHOUSE FREEHOLD AND LEASEHOLD PROPERTY FUND
727,WHART,SET,ทรัสต์เพื่อการลงทุนในอสังหาริมทรัพย์และสิทธิการเช่าดับบลิวเอชเอ พรีเมี่ยม โกรท,WHA PREMIUM GROWTH FREEHOLD AND LEASEHOLD REAL ESTATE INVESTMENT TRUST
728,WHAUP,SET,บริษัท ดับบลิวเอชเอ ยูทิลิตี้ส์ แอนด์ พาวเวอร์ จำกัด (มหาชน),WHA UTILITIES AND POWER PUBLIC COMPANY LIMITED
729,WICE,SET,บริษัท ไวส์ โลจิสติกส์ จำกัด (มหาชน),WICE LOGISTICS PUBLIC COMPANY LIMITED
730,WIIK,SET,บริษัทวิค แอนด์ ฮุคลันด์ จำกัด (มหาชน),WIIK & HOEGLUND PUBLIC COMPANY LIMITED
731,WIN,SET,บริษัท สวนอุตสาหกรรม วินโคสท์ จำกัด (มหาชน),WYNCOAST INDUSTRIAL PARK PUBLIC COMPANY LIMITED
732,WINNER,mai,บริษัท วินเนอร์กรุ๊ป เอ็นเตอร์ไพรซ์ จำกัด (มหาชน),WINNER GROUP ENTERPRISE PUBLIC COMPANY LIMITED
733,WORK,SET,บริษัท เวิร์คพอยท์ เอ็นเทอร์เทนเมนท์ จำกัด (มหาชน),WORKPOINT ENTERTAINMENT PUBLIC COMPANY LIMITED
734,WORLD,SET,บริษัท เวิลด์ คอร์ปอเรชั่น จำกัด (มหาชน),WORLD CORPORATION PUBLIC COMPANY LIMITED
735,WP,SET,บริษัท ดับบลิวพี เอ็นเนอร์ยี่ จำกัด (มหาชน),WP ENERGY PUBLIC COMPANY LIMITED
736,WPH,SET,บริษัท โรงพยาบาลวัฒนแพทย์ ตรัง จำกัด (มหาชน),WATTANAPAT HOSPITAL TRANG PUBLIC COMPANY LIMITED
737,WR,SET,บริษัท วีรีเทล จำกัด (มหาชน),WE RETAIL PUBLIC COMPANY LIMITED
738,XO,mai,บริษัท เอ็กโซติค ฟู้ด จำกัด (มหาชน),EXOTIC FOOD PUBLIC COMPANY LIMITED
739,YCI,SET,บริษัท ยงไทย จำกัด (มหาชน),YONG THAI PUBLIC COMPANY LIMITED
740,YNP,SET,บริษัท ยานภัณฑ์ จำกัด (มหาชน),YARNAPUND PUBLIC COMPANY LIMITED
741,YUASA,mai,บริษัท ยัวซ่าแบตเตอรี่ ประเทศไทย จำกัด (มหาชน),YUASA BATTERY (THAILAND) PUBLIC COMPANY LIMITED
742,ZIGA,mai,บริษัท ซิก้า อินโนเวชั่น จำกัด (มหาชน),ZIGA INNOVATION PUBLIC COMPANY LIMITED
743,ZMICO,SET,บริษัทหลักทรัพย์ ซีมิโก้ จำกัด (มหาชน),SEAMICO SECURITIES PUBLIC COMPANY LIMITED